نام درس,پایه,رشته,نوع ارزیابی,شماره فصل,نام فصل,شروع صفحه فصل,پایان صفحه فصل,شماره گفتار,نام گفتار,شروع صفحه گفتار,پایان صفحه گفتار,رنگ درس,ترتیب درس,فعال؟,یادداشت
زیست‌شناسی 1,دهم,تجربی,هر دو,1,دنیای زنده,1,16,1,زیست‌شناسی چیست؟,1,6,#4CAF50,1,TRUE,
زیست‌شناسی 1,دهم,تجربی,هر دو,1,دنیای زنده,1,16,2,گستره حیات,7,10,#4CAF50,1,TRUE,
زیست‌شناسی 1,دهم,تجربی,هر دو,1,دنیای زنده,1,16,3,یاخته و بافت در بدن انسان,11,16,#4CAF50,1,TRUE,
زیست‌شناسی 1,دهم,تجربی,هر دو,2,گوارش و جذب مواد,17,32,1,ساختار و عملکرد لوله گوارش,17,24,#4CAF50,1,TRUE,
زیست‌شناسی 1,دهم,تجربی,هر دو,2,گوارش و جذب مواد,17,32,2,جذب مواد و تنظیم فعالیت دستگاه گوارش,25,29,#4CAF50,1,TRUE,
زیست‌شناسی 1,دهم,تجربی,هر دو,2,گوارش و جذب مواد,17,32,3,تنوع گوارش در جانداران,30,32,#4CAF50,1,TRUE,
زیست‌شناسی 1,دهم,تجربی,هر دو,3,تبادلات گازی,33,46,1,سازوکار دستگاه تنفس در انسان,33,39,#4CAF50,1,TRUE,
زیست‌شناسی 1,دهم,تجربی,هر دو,3,تبادلات گازی,33,46,2,تهویه ششی,40,44,#4CAF50,1,TRUE,
زیست‌شناسی 1,دهم,تجربی,هر دو,3,تبادلات گازی,33,46,3,تنوع تبادلات گازی,45,46,#4CAF50,1,TRUE,
زیست‌شناسی 1,دهم,تجربی,هر دو,4,گردش مواد در بدن,47,68,1,قلب,47,54,#4CAF50,1,TRUE,
زیست‌شناسی 1,دهم,تجربی,هر دو,4,گردش مواد در بدن,47,68,2,رگ‌ها,55,60,#4CAF50,1,TRUE,
زیست‌شناسی 1,دهم,تجربی,هر دو,4,گردش مواد در بدن,47,68,3,خون,61,64,#4CAF50,1,TRUE,
زیست‌شناسی 1,دهم,تجربی,هر دو,4,گردش مواد در بدن,47,68,4,تنوع گردش مواد در جانداران,65,68,#4CAF50,1,TRUE,
زیست‌شناسی 1,دهم,تجربی,هر دو,5,تنظیم اسمزی و دفع مواد زائد,69,78,1,هم‌ایستایی و کلیه‌ها,69,72,#4CAF50,1,TRUE,
زیست‌شناسی 1,دهم,تجربی,هر دو,5,تنظیم اسمزی و دفع مواد زائد,69,78,2,تشکیل ادرار و تخلیه آن,73,75,#4CAF50,1,TRUE,
زیست‌شناسی 1,دهم,تجربی,هر دو,5,تنظیم اسمزی و دفع مواد زائد,69,78,3,تنوع دفع و تنظیم اسمزی در جانداران,76,78,#4CAF50,1,TRUE,
زیست‌شناسی 1,دهم,تجربی,هر دو,6,از یاخته تا گیاه,79,96,1,ویژگی‌های یاخته گیاهی,79,85,#4CAF50,1,TRUE,
زیست‌شناسی 1,دهم,تجربی,هر دو,6,از یاخته تا گیاه,79,96,2,سامانه بافتی,86,89,#4CAF50,1,TRUE,
زیست‌شناسی 1,دهم,تجربی,هر دو,6,از یاخته تا گیاه,79,96,3,ساختار گیاهان,90,96,#4CAF50,1,TRUE,
زیست‌شناسی 1,دهم,تجربی,هر دو,7,جذب و انتقال مواد در گیاهان,97,111,1,تغذیه گیاهی,97,101,#4CAF50,1,TRUE,
زیست‌شناسی 1,دهم,تجربی,هر دو,7,جذب و انتقال مواد در گیاهان,97,111,2,جانداران مؤثر در تغذیه گیاهی,102,104,#4CAF50,1,TRUE,
زیست‌شناسی 1,دهم,تجربی,هر دو,7,جذب و انتقال مواد در گیاهان,97,111,3,انتقال مواد در گیاهان,105,111,#4CAF50,1,TRUE,
زیست‌شناسی 2,یازدهم,تجربی,هر دو,1,تنظیم عصبی,1,18,1,یاخته‌های بافت عصبی,1,8,#4CAF50,1,TRUE,
زیست‌شناسی 2,یازدهم,تجربی,هر دو,1,تنظیم عصبی,1,18,2,ساختار دستگاه عصبی,9,18,#4CAF50,1,TRUE,
زیست‌شناسی 2,یازدهم,تجربی,هر دو,2,حواس,19,36,1,گیرنده‌های حسی,19,22,#4CAF50,1,TRUE,
زیست‌شناسی 2,یازدهم,تجربی,هر دو,2,حواس,19,36,2,حواس ویژه,23,32,#4CAF50,1,TRUE,
زیست‌شناسی 2,یازدهم,تجربی,هر دو,2,حواس,19,36,3,گیرنده‌های حسی جانوران,33,36,#4CAF50,1,TRUE,
زیست‌شناسی 2,یازدهم,تجربی,هر دو,3,دستگاه حرکتی,37,52,1,استخوان‌ها و اسکلت,37,44,#4CAF50,1,TRUE,
زیست‌شناسی 2,یازدهم,تجربی,هر دو,3,دستگاه حرکتی,37,52,2,ماهیچه و حرکت,45,52,#4CAF50,1,TRUE,
زیست‌شناسی 2,یازدهم,تجربی,هر دو,4,تنظیم شیمیایی,53,62,1,ارتباط شیمیایی,53,55,#4CAF50,1,TRUE,
زیست‌شناسی 2,یازدهم,تجربی,هر دو,4,تنظیم شیمیایی,53,62,2,غده‌های درون‌ریز,56,62,#4CAF50,1,TRUE,
زیست‌شناسی 2,یازدهم,تجربی,هر دو,5,ایمنی,63,78,1,نخستین خط دفاعی: ورود ممنوع,63,65,#4CAF50,1,TRUE,
زیست‌شناسی 2,یازدهم,تجربی,هر دو,5,ایمنی,63,78,2,دومین خط دفاعی: واکنش‌های عمومی اما سریع,66,71,#4CAF50,1,TRUE,
زیست‌شناسی 2,یازدهم,تجربی,هر دو,5,ایمنی,63,78,3,سومین خط دفاعی: دفاع اختصاصی,72,78,#4CAF50,1,TRUE,
زیست‌شناسی 2,یازدهم,تجربی,هر دو,6,تقسیم یاخته,79,96,1,فامتن (کروموزوم),79,83,#4CAF50,1,TRUE,
زیست‌شناسی 2,یازدهم,تجربی,هر دو,6,تقسیم یاخته,79,96,2,رشتمان (میتوز),84,91,#4CAF50,1,TRUE,
زیست‌شناسی 2,یازدهم,تجربی,هر دو,6,تقسیم یاخته,79,96,3,کاستمان (میوز) و تولید مثل جنسی,92,96,#4CAF50,1,TRUE,
زیست‌شناسی 2,یازدهم,تجربی,هر دو,7,تولید مثل,97,118,1,دستگاه تولید مثل در مرد,97,101,#4CAF50,1,TRUE,
زیست‌شناسی 2,یازدهم,تجربی,هر دو,7,تولید مثل,97,118,2,دستگاه تولید مثل در زن,102,107,#4CAF50,1,TRUE,
زیست‌شناسی 2,یازدهم,تجربی,هر دو,7,تولید مثل,97,118,3,رشد و نمو جنین,108,114,#4CAF50,1,TRUE,
زیست‌شناسی 2,یازدهم,تجربی,هر دو,7,تولید مثل,97,118,4,تولید مثل در جانوران,115,118,#4CAF50,1,TRUE,
زیست‌شناسی 2,یازدهم,تجربی,هر دو,8,تولید مثل نهان‌دانگان,119,136,1,تولید مثل غیر جنسی,119,123,#4CAF50,1,TRUE,
زیست‌شناسی 2,یازدهم,تجربی,هر دو,8,تولید مثل نهان‌دانگان,119,136,2,تولید مثل جنسی,124,129,#4CAF50,1,TRUE,
زیست‌شناسی 2,یازدهم,تجربی,هر دو,8,تولید مثل نهان‌دانگان,119,136,3,از یاخته تخم تا گیاه,130,136,#4CAF50,1,TRUE,
زیست‌شناسی 2,یازدهم,تجربی,هر دو,9,پاسخ گیاهان به محرک‌ها,137,152,1,تنظیم‌کننده‌های رشد در گیاهان,137,145,#4CAF50,1,TRUE,
زیست‌شناسی 2,یازدهم,تجربی,هر دو,9,پاسخ گیاهان به محرک‌ها,137,152,2,پاسخ به محیط,146,152,#4CAF50,1,TRUE,
زیست‌شناسی 3,دوازدهم,تجربی,هر دو,1,مولکول‌های اطلاعاتی,2,20,1,نوکلئیک اسیدها,2,8,#4CAF50,1,TRUE,
زیست‌شناسی 3,دوازدهم,تجربی,هر دو,1,مولکول‌های اطلاعاتی,2,20,2,همانندسازی دنا,9,14,#4CAF50,1,TRUE,
زیست‌شناسی 3,دوازدهم,تجربی,هر دو,1,مولکول‌های اطلاعاتی,2,20,3,پروتئین‌ها,15,20,#4CAF50,1,TRUE,
زیست‌شناسی 3,دوازدهم,تجربی,هر دو,2,جریان اطلاعات در یاخته,22,36,1,رونویسی,22,26,#4CAF50,1,TRUE,
زیست‌شناسی 3,دوازدهم,تجربی,هر دو,2,جریان اطلاعات در یاخته,22,36,2,به سوی پروتئین,27,32,#4CAF50,1,TRUE,
زیست‌شناسی 3,دوازدهم,تجربی,هر دو,2,جریان اطلاعات در یاخته,22,36,3,تنظیم بیان ژن,33,36,#4CAF50,1,TRUE,
زیست‌شناسی 3,دوازدهم,تجربی,هر دو,3,انتقال اطلاعات در نسل‌ها,38,46,1,مفاهیم پایه,38,41,#4CAF50,1,TRUE,
زیست‌شناسی 3,دوازدهم,تجربی,هر دو,3,انتقال اطلاعات در نسل‌ها,38,46,2,انواع صفات,42,46,#4CAF50,1,TRUE,
زیست‌شناسی 3,دوازدهم,تجربی,هر دو,4,تغییر در اطلاعات وراثتی,48,62,1,تغییر در ماده وراثتی جانداران,48,52,#4CAF50,1,TRUE,
زیست‌شناسی 3,دوازدهم,تجربی,هر دو,4,تغییر در اطلاعات وراثتی,48,62,2,تغییر در جمعیت‌ها,53,56,#4CAF50,1,TRUE,
زیست‌شناسی 3,دوازدهم,تجربی,هر دو,4,تغییر در اطلاعات وراثتی,48,62,3,تغییر در گونه‌ها,57,62,#4CAF50,1,TRUE,
زیست‌شناسی 3,دوازدهم,تجربی,هر دو,5,از ماده به انرژی,64,76,1,تأمین انرژی,64,68,#4CAF50,1,TRUE,
زیست‌شناسی 3,دوازدهم,تجربی,هر دو,5,از ماده به انرژی,64,76,2,اکسایش بیشتر,69,72,#4CAF50,1,TRUE,
زیست‌شناسی 3,دوازدهم,تجربی,هر دو,5,از ماده به انرژی,64,76,3,زیستن مستقل از اکسیژن,73,76,#4CAF50,1,TRUE,
زیست‌شناسی 3,دوازدهم,تجربی,هر دو,6,از انرژی به ماده,78,90,1,فتوسنتز تبدیل انرژی نور به انرژی شیمیایی,78,81,#4CAF50,1,TRUE,
زیست‌شناسی 3,دوازدهم,تجربی,هر دو,6,از انرژی به ماده,78,90,2,واکنش‌های فتوسنتزی,82,86,#4CAF50,1,TRUE,
زیست‌شناسی 3,دوازدهم,تجربی,هر دو,6,از انرژی به ماده,78,90,3,فتوسنتز در شرایط دشوار,87,90,#4CAF50,1,TRUE,
زیست‌شناسی 3,دوازدهم,تجربی,هر دو,7,فناوری‌های نوین زیستی,92,106,1,زیست فناوری و مهندسی ژنتیک,92,96,#4CAF50,1,TRUE,
زیست‌شناسی 3,دوازدهم,تجربی,هر دو,7,فناوری‌های نوین زیستی,92,106,2,فناوری مهندسی پروتئین و بافت,97,100,#4CAF50,1,TRUE,
زیست‌شناسی 3,دوازدهم,تجربی,هر دو,7,فناوری‌های نوین زیستی,92,106,3,کاربردهای زیست فناوری,101,106,#4CAF50,1,TRUE,
زیست‌شناسی 3,دوازدهم,تجربی,هر دو,8,رفتارهای جانوران,108,120,1,اساس رفتار,108,111,#4CAF50,1,TRUE,
زیست‌شناسی 3,دوازدهم,تجربی,هر دو,8,رفتارهای جانوران,108,120,2,انتخاب طبیعی و رفتار,112,115,#4CAF50,1,TRUE,
زیست‌شناسی 3,دوازدهم,تجربی,هر دو,8,رفتارهای جانوران,108,120,3,ارتباط و زندگی گروهی,116,120,#4CAF50,1,TRUE,
فیزیک 1,دهم,تجربی,هر دو,1,فیزیک و اندازه‌گیری,2,18,1,فیزیک: دانش بنیادی,2,4,#2196F3,2,TRUE,
فیزیک 1,دهم,تجربی,هر دو,1,فیزیک و اندازه‌گیری,2,18,2,مدل‌سازی در فیزیک,5,5,#2196F3,2,TRUE,
فیزیک 1,دهم,تجربی,هر دو,1,فیزیک و اندازه‌گیری,2,18,3,اندازه‌گیری و کمیت‌های فیزیکی,6,6,#2196F3,2,TRUE,
فیزیک 1,دهم,تجربی,هر دو,1,فیزیک و اندازه‌گیری,2,18,4,اندازه‌گیری و دستگاه بین‌المللی یکاها,7,13,#2196F3,2,TRUE,
فیزیک 1,دهم,تجربی,هر دو,1,فیزیک و اندازه‌گیری,2,18,5,اندازه‌گیری و دقت وسیله‌های اندازه‌گیری,14,15,#2196F3,2,TRUE,
فیزیک 1,دهم,تجربی,هر دو,1,فیزیک و اندازه‌گیری,2,18,6,چگالی,16,18,#2196F3,2,TRUE,
فیزیک 1,دهم,تجربی,هر دو,2,ویژگی‌های فیزیکی مواد,24,47,1,حالت‌های ماده,24,27,#2196F3,2,TRUE,
فیزیک 1,دهم,تجربی,هر دو,2,ویژگی‌های فیزیکی مواد,24,47,2,نیروهای بین مولکولی,28,31,#2196F3,2,TRUE,
فیزیک 1,دهم,تجربی,هر دو,2,ویژگی‌های فیزیکی مواد,24,47,3,فشار در شاره‌ها,32,39,#2196F3,2,TRUE,
فیزیک 1,دهم,تجربی,هر دو,2,ویژگی‌های فیزیکی مواد,24,47,4,شناوری,40,42,#2196F3,2,TRUE,
فیزیک 1,دهم,تجربی,هر دو,2,ویژگی‌های فیزیکی مواد,24,47,5,شاره در حرکت و اصل برنولی,43,47,#2196F3,2,TRUE,
فیزیک 1,دهم,تجربی,هر دو,3,کار، انرژی و توان,54,77,1,انرژی جنبشی,54,55,#2196F3,2,TRUE,
فیزیک 1,دهم,تجربی,هر دو,3,کار، انرژی و توان,54,77,2,کار انجام شده توسط نیروی ثابت,55,60,#2196F3,2,TRUE,
فیزیک 1,دهم,تجربی,هر دو,3,کار، انرژی و توان,54,77,3,کار و انرژی جنبشی,61,63,#2196F3,2,TRUE,
فیزیک 1,دهم,تجربی,هر دو,3,کار، انرژی و توان,54,77,4,کار و انرژی پتانسیل,64,67,#2196F3,2,TRUE,
فیزیک 1,دهم,تجربی,هر دو,3,کار، انرژی و توان,54,77,5,پایستگی انرژی مکانیکی,68,70,#2196F3,2,TRUE,
فیزیک 1,دهم,تجربی,هر دو,3,کار، انرژی و توان,54,77,6,کار و انرژی درونی,71,72,#2196F3,2,TRUE,
فیزیک 1,دهم,تجربی,هر دو,3,کار، انرژی و توان,54,77,7,توان,73,77,#2196F3,2,TRUE,
فیزیک 1,دهم,تجربی,هر دو,4,دما و گرما,84,117,1,دما و دماسنجی,84,86,#2196F3,2,TRUE,
فیزیک 1,دهم,تجربی,هر دو,4,دما و گرما,84,117,2,انبساط گرمایی,87,95,#2196F3,2,TRUE,
فیزیک 1,دهم,تجربی,هر دو,4,دما و گرما,84,117,3,گرما,96,102,#2196F3,2,TRUE,
فیزیک 1,دهم,تجربی,هر دو,4,دما و گرما,84,117,4,تغییر حالت‌های ماده,103,110,#2196F3,2,TRUE,
فیزیک 1,دهم,تجربی,هر دو,4,دما و گرما,84,117,5,روش‌های انتقال گرما,111,117,#2196F3,2,TRUE,
فیزیک 2,یازدهم,تجربی,هر دو,1,الکتریسیته ساکن,1,35,1,بار الکتریکی,1,2,#2196F3,2,TRUE,
فیزیک 2,یازدهم,تجربی,هر دو,1,الکتریسیته ساکن,1,35,2,پایستگی و کوانتیده بودن بار الکتریکی,3,4,#2196F3,2,TRUE,
فیزیک 2,یازدهم,تجربی,هر دو,1,الکتریسیته ساکن,1,35,3,قانون کولن,5,9,#2196F3,2,TRUE,
فیزیک 2,یازدهم,تجربی,هر دو,1,الکتریسیته ساکن,1,35,4,میدان الکتریکی,10,10,#2196F3,2,TRUE,
فیزیک 2,یازدهم,تجربی,هر دو,1,الکتریسیته ساکن,1,35,5,میدان الکتریکی حاصل از یک ذره باردار,11,15,#2196F3,2,TRUE,
فیزیک 2,یازدهم,تجربی,هر دو,1,الکتریسیته ساکن,1,35,6,خطوط میدان الکتریکی,16,19,#2196F3,2,TRUE,
فیزیک 2,یازدهم,تجربی,هر دو,1,الکتریسیته ساکن,1,35,7,انرژی پتانسیل الکتریکی,20,21,#2196F3,2,TRUE,
فیزیک 2,یازدهم,تجربی,هر دو,1,الکتریسیته ساکن,1,35,8,پتانسیل الکتریکی,22,24,#2196F3,2,TRUE,
فیزیک 2,یازدهم,تجربی,هر دو,1,الکتریسیته ساکن,1,35,9,توزیع بار الکتریکی در اجسام رسانا,25,27,#2196F3,2,TRUE,
فیزیک 2,یازدهم,تجربی,هر دو,1,الکتریسیته ساکن,1,35,10,خازن,28,32,#2196F3,2,TRUE,
فیزیک 2,یازدهم,تجربی,هر دو,1,الکتریسیته ساکن,1,35,11,انرژی خازن,33,35,#2196F3,2,TRUE,
فیزیک 2,یازدهم,تجربی,هر دو,2,جریان الکتریکی و مدارهای جریان مستقیم,40,61,1,جریان الکتریکی,40,42,#2196F3,2,TRUE,
فیزیک 2,یازدهم,تجربی,هر دو,2,جریان الکتریکی و مدارهای جریان مستقیم,40,61,2,مقاومت الکتریکی و قانون اهم,43,44,#2196F3,2,TRUE,
فیزیک 2,یازدهم,تجربی,هر دو,2,جریان الکتریکی و مدارهای جریان مستقیم,40,61,3,عوامل مؤثر بر مقاومت الکتریکی,45,49,#2196F3,2,TRUE,
فیزیک 2,یازدهم,تجربی,هر دو,2,جریان الکتریکی و مدارهای جریان مستقیم,40,61,4,نیروی محرکه الکتریکی و مدارها,50,52,#2196F3,2,TRUE,
فیزیک 2,یازدهم,تجربی,هر دو,2,جریان الکتریکی و مدارهای جریان مستقیم,40,61,5,توان در مدارهای الکتریکی,53,54,#2196F3,2,TRUE,
فیزیک 2,یازدهم,تجربی,هر دو,2,جریان الکتریکی و مدارهای جریان مستقیم,40,61,6,ترکیب مقاومت‌ها,55,61,#2196F3,2,TRUE,
فیزیک 2,یازدهم,تجربی,هر دو,3,مغناطیس و القای الکترومغناطیسی,66,99,1,مغناطیس و قطب‌های مغناطیسی,66,66,#2196F3,2,TRUE,
فیزیک 2,یازدهم,تجربی,هر دو,3,مغناطیس و القای الکترومغناطیسی,66,99,2,میدان مغناطیسی,67,70,#2196F3,2,TRUE,
فیزیک 2,یازدهم,تجربی,هر دو,3,مغناطیس و القای الکترومغناطیسی,66,99,3,نیروی مغناطیسی وارد بر ذره باردار متحرک در میدان مغناطیسی,71,72,#2196F3,2,TRUE,
فیزیک 2,یازدهم,تجربی,هر دو,3,مغناطیس و القای الکترومغناطیسی,66,99,4,نیروی مغناطیسی وارد بر سیم حامل جریان,73,75,#2196F3,2,TRUE,
فیزیک 2,یازدهم,تجربی,هر دو,3,مغناطیس و القای الکترومغناطیسی,66,99,5,میدان مغناطیسی حاصل از جریان الکتریکی,76,82,#2196F3,2,TRUE,
فیزیک 2,یازدهم,تجربی,هر دو,3,مغناطیس و القای الکترومغناطیسی,66,99,6,ویژگی‌های مغناطیسی مواد,83,84,#2196F3,2,TRUE,
فیزیک 2,یازدهم,تجربی,هر دو,3,مغناطیس و القای الکترومغناطیسی,66,99,7,پدیده القای الکترومغناطیسی,85,86,#2196F3,2,TRUE,
فیزیک 2,یازدهم,تجربی,هر دو,3,مغناطیس و القای الکترومغناطیسی,66,99,8,قانون القای الکترومغناطیسی فاراده,87,90,#2196F3,2,TRUE,
فیزیک 2,یازدهم,تجربی,هر دو,3,مغناطیس و القای الکترومغناطیسی,66,99,9,قانون لنز,91,92,#2196F3,2,TRUE,
فیزیک 2,یازدهم,تجربی,هر دو,3,مغناطیس و القای الکترومغناطیسی,66,99,10,القاگرها,93,96,#2196F3,2,TRUE,
فیزیک 2,یازدهم,تجربی,هر دو,3,مغناطیس و القای الکترومغناطیسی,66,99,11,جریان متناوب,97,99,#2196F3,2,TRUE,
فیزیک 3,دوازدهم,تجربی,هر دو,1,حرکت بر خط راست,2,21,1,شناخت حرکت,2,12,#2196F3,2,TRUE,
فیزیک 3,دوازدهم,تجربی,هر دو,1,حرکت بر خط راست,2,21,2,حرکت با سرعت ثابت,13,14,#2196F3,2,TRUE,
فیزیک 3,دوازدهم,تجربی,هر دو,1,حرکت بر خط راست,2,21,3,حرکت با شتاب ثابت,15,21,#2196F3,2,TRUE,
فیزیک 3,دوازدهم,تجربی,هر دو,2,دینامیک,28,49,1,قوانین حرکت نیوتون,28,34,#2196F3,2,TRUE,
فیزیک 3,دوازدهم,تجربی,هر دو,2,دینامیک,28,49,2,معرفی برخی از نیروهای خاص,35,43,#2196F3,2,TRUE,
فیزیک 3,دوازدهم,تجربی,هر دو,2,دینامیک,28,49,3,تکانه و قانون دوم نیوتون,44,46,#2196F3,2,TRUE,
فیزیک 3,دوازدهم,تجربی,هر دو,2,دینامیک,28,49,4,نیروی گرانشی,47,49,#2196F3,2,TRUE,
فیزیک 3,دوازدهم,تجربی,هر دو,3,نوسان و امواج,54,88,1,نوسان دوره‌ای,54,54,#2196F3,2,TRUE,
فیزیک 3,دوازدهم,تجربی,هر دو,3,نوسان و امواج,54,88,2,حرکت هماهنگ ساده,55,57,#2196F3,2,TRUE,
فیزیک 3,دوازدهم,تجربی,هر دو,3,نوسان و امواج,54,88,3,انرژی در حرکت هماهنگ ساده,58,59,#2196F3,2,TRUE,
فیزیک 3,دوازدهم,تجربی,هر دو,3,نوسان و امواج,54,88,4,تشدید,60,61,#2196F3,2,TRUE,
فیزیک 3,دوازدهم,تجربی,هر دو,3,نوسان و امواج,54,88,5,موج و انواع آن,61,62,#2196F3,2,TRUE,
فیزیک 3,دوازدهم,تجربی,هر دو,3,نوسان و امواج,54,88,6,مشخصه‌های موج,63,75,#2196F3,2,TRUE,
فیزیک 3,دوازدهم,تجربی,هر دو,3,نوسان و امواج,54,88,7,بازتاب موج,76,78,#2196F3,2,TRUE,
فیزیک 3,دوازدهم,تجربی,هر دو,3,نوسان و امواج,54,88,8,شکست موج,78,88,#2196F3,2,TRUE,
فیزیک 3,دوازدهم,تجربی,هر دو,4,آشنایی با فیزیک اتمی و هسته‌ای,96,121,1,اثر فوتوالکتریک و فوتون,96,98,#2196F3,2,TRUE,
فیزیک 3,دوازدهم,تجربی,هر دو,4,آشنایی با فیزیک اتمی و هسته‌ای,96,121,2,طیف خطی,99,102,#2196F3,2,TRUE,
فیزیک 3,دوازدهم,تجربی,هر دو,4,آشنایی با فیزیک اتمی و هسته‌ای,96,121,3,مدل اتم رادرفورد - بور,103,109,#2196F3,2,TRUE,
فیزیک 3,دوازدهم,تجربی,هر دو,4,آشنایی با فیزیک اتمی و هسته‌ای,96,121,4,لیزر,110,111,#2196F3,2,TRUE,
فیزیک 3,دوازدهم,تجربی,هر دو,4,آشنایی با فیزیک اتمی و هسته‌ای,96,121,5,ساختار هسته,112,114,#2196F3,2,TRUE,
فیزیک 3,دوازدهم,تجربی,هر دو,4,آشنایی با فیزیک اتمی و هسته‌ای,96,121,6,پرتوزایی طبیعی و نیمه‌عمر,115,121,#2196F3,2,TRUE,
شیمی 1,دهم,تجربی,هر دو,1,کیهان، زادگاه عنصرها,1,46,,,,,#F44336,3,TRUE,
شیمی 1,دهم,تجربی,هر دو,2,رد پای گازها در زندگی,47,84,,,,,#F44336,3,TRUE,
شیمی 1,دهم,تجربی,هر دو,3,آب، آهنگ زندگی,85,125,,,,,#F44336,3,TRUE,
شیمی 2,یازدهم,تجربی,هر دو,1,قدر هدایای زمینی را بدانیم,1,50,,,,,#F44336,3,TRUE,
شیمی 2,یازدهم,تجربی,هر دو,2,در پی غذای سالم,51,98,,,,,#F44336,3,TRUE,
شیمی 2,یازدهم,تجربی,هر دو,3,پوشاک نیازی پایان‌ناپذیر,99,123,,,,,#F44336,3,TRUE,
شیمی 3,دوازدهم,تجربی,هر دو,1,مولکول‌ها در خدمت تندرستی,1,36,,,,,#F44336,3,TRUE,
شیمی 3,دوازدهم,تجربی,هر دو,2,آسایش و رفاه در سایه شیمی,37,66,,,,,#F44336,3,TRUE,
شیمی 3,دوازدهم,تجربی,هر دو,3,شیمی، جلوه‌ای از هنر، زیبایی و ماندگاری,67,90,,,,,#F44336,3,TRUE,
شیمی 3,دوازدهم,تجربی,هر دو,4,شیمی، راهی به سوی آینده‌ای روشن‌تر,91,123,,,,,#F44336,3,TRUE,
ریاضی 1,دهم,تجربی,هر دو,1,مجموعه، الگو و دنباله,2,27,1,مجموعه‌های متناهی و نامتناهی,2,7,#FF9800,4,TRUE,
ریاضی 1,دهم,تجربی,هر دو,1,مجموعه، الگو و دنباله,2,27,2,متمم یک مجموعه,8,13,#FF9800,4,TRUE,
ریاضی 1,دهم,تجربی,هر دو,1,مجموعه، الگو و دنباله,2,27,3,الگو و دنباله,14,20,#FF9800,4,TRUE,
ریاضی 1,دهم,تجربی,هر دو,1,مجموعه، الگو و دنباله,2,27,4,دنباله‌های حسابی و هندسی,21,27,#FF9800,4,TRUE,
ریاضی 1,دهم,تجربی,هر دو,2,مثلثات,29,46,1,نسبت‌های مثلثاتی,29,35,#FF9800,4,TRUE,
ریاضی 1,دهم,تجربی,هر دو,2,مثلثات,29,46,2,دایره مثلثاتی,36,41,#FF9800,4,TRUE,
ریاضی 1,دهم,تجربی,هر دو,2,مثلثات,29,46,3,روابط بین نسبت‌های مثلثاتی,42,46,#FF9800,4,TRUE,
ریاضی 1,دهم,تجربی,هر دو,3,توان‌های گویا و عبارت‌های جبری,48,68,1,ریشه و توان,48,53,#FF9800,4,TRUE,
ریاضی 1,دهم,تجربی,هر دو,3,توان‌های گویا و عبارت‌های جبری,48,68,2,ریشه nام,54,58,#FF9800,4,TRUE,
ریاضی 1,دهم,تجربی,هر دو,3,توان‌های گویا و عبارت‌های جبری,48,68,3,توان‌های گویا,59,60,#FF9800,4,TRUE,
ریاضی 1,دهم,تجربی,هر دو,3,توان‌های گویا و عبارت‌های جبری,48,68,4,عبارت‌های جبری,61,68,#FF9800,4,TRUE,
ریاضی 1,دهم,تجربی,هر دو,4,معادله‌ها و نامعادله‌ها,70,93,1,معادله درجه دوم و روش‌های مختلف حل آن,70,78,#FF9800,4,TRUE,
ریاضی 1,دهم,تجربی,هر دو,4,معادله‌ها و نامعادله‌ها,70,93,2,سهمی,79,82,#FF9800,4,TRUE,
ریاضی 1,دهم,تجربی,هر دو,4,معادله‌ها و نامعادله‌ها,70,93,3,تعیین علامت,83,93,#FF9800,4,TRUE,
ریاضی 1,دهم,تجربی,هر دو,5,تابع,95,117,1,مفهوم تابع و بازنمایی‌های آن,95,100,#FF9800,4,TRUE,
ریاضی 1,دهم,تجربی,هر دو,5,تابع,95,117,2,دامنه و برد توابع,101,108,#FF9800,4,TRUE,
ریاضی 1,دهم,تجربی,هر دو,5,تابع,95,117,3,انواع تابع,109,117,#FF9800,4,TRUE,
ریاضی 1,دهم,تجربی,هر دو,6,شمارش بدون شمردن,119,140,1,شمارش,119,126,#FF9800,4,TRUE,
ریاضی 1,دهم,تجربی,هر دو,6,شمارش بدون شمردن,119,140,2,جایگشت,127,132,#FF9800,4,TRUE,
ریاضی 1,دهم,تجربی,هر دو,6,شمارش بدون شمردن,119,140,3,ترکیب,133,140,#FF9800,4,TRUE,
ریاضی 1,دهم,تجربی,هر دو,7,آمار و احتمال,142,164,1,احتمال یا اندازه‌گیری شانس,142,151,#FF9800,4,TRUE,
ریاضی 1,دهم,تجربی,هر دو,7,آمار و احتمال,142,164,2,مقدمه‌ای بر علم آمار، جامعه و نمونه,152,158,#FF9800,4,TRUE,
ریاضی 1,دهم,تجربی,هر دو,7,آمار و احتمال,142,164,3,متغیر و انواع آن,159,164,#FF9800,4,TRUE,
ریاضی 3,دوازدهم,تجربی,هر دو,1,تابع,2,30,1,توابع چندجمله‌ای - توابع صعودی و نزولی,2,10,#FF9800,4,TRUE,
ریاضی 3,دوازدهم,تجربی,هر دو,1,تابع,2,30,2,ترکیب توابع,11,23,#FF9800,4,TRUE,
ریاضی 3,دوازدهم,تجربی,هر دو,1,تابع,2,30,3,تابع وارون,24,30,#FF9800,4,TRUE,
ریاضی 3,دوازدهم,تجربی,هر دو,2,مثلثات,32,48,1,تناوب و تانژانت,32,41,#FF9800,4,TRUE,
ریاضی 3,دوازدهم,تجربی,هر دو,2,مثلثات,32,48,2,معادلات مثلثاتی,42,48,#FF9800,4,TRUE,
ریاضی 3,دوازدهم,تجربی,هر دو,3,حد بی‌نهایت و حد در بی‌نهایت,50,64,1,حد بی‌نهایت,50,57,#FF9800,4,TRUE,
ریاضی 3,دوازدهم,تجربی,هر دو,3,حد بی‌نهایت و حد در بی‌نهایت,50,64,2,حد در بی‌نهایت,58,64,#FF9800,4,TRUE,
ریاضی 3,دوازدهم,تجربی,هر دو,4,مشتق,66,100,1,آشنایی با مفهوم مشتق,66,76,#FF9800,4,TRUE,
ریاضی 3,دوازدهم,تجربی,هر دو,4,مشتق,66,100,2,مشتق‌پذیری و پیوستگی,77,92,#FF9800,4,TRUE,
ریاضی 3,دوازدهم,تجربی,هر دو,4,مشتق,66,100,3,آهنگ تغییر,93,100,#FF9800,4,TRUE,
ریاضی 3,دوازدهم,تجربی,هر دو,5,کاربرد مشتق,102,120,1,اکسترمم‌های تابع,102,112,#FF9800,4,TRUE,
ریاضی 3,دوازدهم,تجربی,هر دو,5,کاربرد مشتق,102,120,2,بهینه‌سازی,113,120,#FF9800,4,TRUE,
ریاضی 3,دوازدهم,تجربی,هر دو,6,هندسه,122,142,1,تفکر تجسمی و آشنایی با مقاطع مخروطی,122,133,#FF9800,4,TRUE,
ریاضی 3,دوازدهم,تجربی,هر دو,6,هندسه,122,142,2,دایره,134,142,#FF9800,4,TRUE,
ریاضی 3,دوازدهم,تجربی,هر دو,7,احتمال,144,176,1,قانون احتمال کل,144,176,#FF9800,4,TRUE,
ریاضی 2,یازدهم,تجربی,هر دو,1,هندسه تحلیلی و جبر,2,24,1,هندسه تحلیلی,2,10,#FF9800,4,TRUE,
ریاضی 2,یازدهم,تجربی,هر دو,1,هندسه تحلیلی و جبر,2,24,2,معادله درجه دوم و تابع درجه 2,11,18,#FF9800,4,TRUE,
ریاضی 2,یازدهم,تجربی,هر دو,1,هندسه تحلیلی و جبر,2,24,3,معادلات گویا و معادلات رادیکالی,19,24,#FF9800,4,TRUE,
ریاضی 2,یازدهم,تجربی,هر دو,2,هندسه,26,46,1,ترسیم‌های هندسی,26,30,#FF9800,4,TRUE,
ریاضی 2,یازدهم,تجربی,هر دو,2,هندسه,26,46,2,استدلال و قضیه تالس,31,41,#FF9800,4,TRUE,
ریاضی 2,یازدهم,تجربی,هر دو,2,هندسه,26,46,3,تشابه مثلث‌ها,42,46,#FF9800,4,TRUE,
ریاضی 2,یازدهم,تجربی,هر دو,3,تابع,48,70,1,آشنایی با برخی از انواع توابع,48,56,#FF9800,4,TRUE,
ریاضی 2,یازدهم,تجربی,هر دو,3,تابع,48,70,2,وارون یک تابع و تابع یک به یک,57,64,#FF9800,4,TRUE,
ریاضی 2,یازدهم,تجربی,هر دو,3,تابع,48,70,3,اعمال جبری روی توابع,65,70,#FF9800,4,TRUE,
ریاضی 2,یازدهم,تجربی,هر دو,4,مثلثات,72,94,1,واحدهای اندازه‌گیری زاویه,72,76,#FF9800,4,TRUE,
ریاضی 2,یازدهم,تجربی,هر دو,4,مثلثات,72,94,2,روابط تکمیلی بین نسبت‌های مثلثاتی,77,87,#FF9800,4,TRUE,
ریاضی 2,یازدهم,تجربی,هر دو,4,مثلثات,72,94,3,توابع مثلثاتی,88,94,#FF9800,4,TRUE,
ریاضی 2,یازدهم,تجربی,هر دو,5,توابع نمایی و لگاریتمی,96,118,1,تابع نمایی و ویژگی‌های آن,96,104,#FF9800,4,TRUE,
ریاضی 2,یازدهم,تجربی,هر دو,5,توابع نمایی و لگاریتمی,96,118,2,تابع لگاریتمی و ویژگی‌های آن,105,114,#FF9800,4,TRUE,
ریاضی 2,یازدهم,تجربی,هر دو,5,توابع نمایی و لگاریتمی,96,118,3,نمودارها و کاربردهای توابع نمایی و لگاریتمی,115,118,#FF9800,4,TRUE,
ریاضی 2,یازدهم,تجربی,هر دو,6,حد و پیوستگی,120,142,1,فرایندهای حدی,120,127,#FF9800,4,TRUE,
ریاضی 2,یازدهم,تجربی,هر دو,6,حد و پیوستگی,120,142,2,محاسبه حد توابع,128,136,#FF9800,4,TRUE,
ریاضی 2,یازدهم,تجربی,هر دو,6,حد و پیوستگی,120,142,3,پیوستگی,137,142,#FF9800,4,TRUE,
ریاضی 2,یازدهم,تجربی,هر دو,7,آمار و احتمال,144,166,1,احتمال شرطی و پیشامدهای مستقل,144,152,#FF9800,4,TRUE,
ریاضی 2,یازدهم,تجربی,هر دو,7,آمار و احتمال,144,166,2,آمار توصیفی,153,166,#FF9800,4,TRUE,
شیمی 1,دهم,ریاضی,هر دو,1,کیهان، زادگاه عنصرها,1,46,,,,,#F44336,3,TRUE,
شیمی 1,دهم,ریاضی,هر دو,2,رد پای گازها در زندگی,47,84,,,,,#F44336,3,TRUE,
شیمی 1,دهم,ریاضی,هر دو,3,آب، آهنگ زندگی,85,125,,,,,#F44336,3,TRUE,
شیمی 2,یازدهم,ریاضی,هر دو,1,قدر هدایای زمینی را بدانیم,1,50,,,,,#F44336,3,TRUE,
شیمی 2,یازدهم,ریاضی,هر دو,2,در پی غذای سالم,51,98,,,,,#F44336,3,TRUE,
شیمی 2,یازدهم,ریاضی,هر دو,3,پوشاک نیازی پایان‌ناپذیر,99,123,,,,,#F44336,3,TRUE,
شیمی 3,دوازدهم,ریاضی,هر دو,1,مولکول‌ها در خدمت تندرستی,1,36,,,,,#F44336,3,TRUE,
شیمی 3,دوازدهم,ریاضی,هر دو,2,آسایش و رفاه در سایه شیمی,37,66,,,,,#F44336,3,TRUE,
شیمی 3,دوازدهم,ریاضی,هر دو,3,شیمی، جلوه‌ای از هنر، زیبایی و ماندگاری,67,90,,,,,#F44336,3,TRUE,
شیمی 3,دوازدهم,ریاضی,هر دو,4,شیمی، راهی به سوی آینده‌ای روشن‌تر,91,123,,,,,#F44336,3,TRUE,
ریاضی 1,دهم,ریاضی,هر دو,1,مجموعه، الگو و دنباله,2,27,1,مجموعه‌های متناهی و نامتناهی,2,7,#FF9800,4,TRUE,
ریاضی 1,دهم,ریاضی,هر دو,1,مجموعه، الگو و دنباله,2,27,2,متمم یک مجموعه,8,13,#FF9800,4,TRUE,
ریاضی 1,دهم,ریاضی,هر دو,1,مجموعه، الگو و دنباله,2,27,3,الگو و دنباله,14,20,#FF9800,4,TRUE,
ریاضی 1,دهم,ریاضی,هر دو,1,مجموعه، الگو و دنباله,2,27,4,دنباله‌های حسابی و هندسی,21,27,#FF9800,4,TRUE,
ریاضی 1,دهم,ریاضی,هر دو,2,مثلثات,29,46,1,نسبت‌های مثلثاتی,29,35,#FF9800,4,TRUE,
ریاضی 1,دهم,ریاضی,هر دو,2,مثلثات,29,46,2,دایره مثلثاتی,36,41,#FF9800,4,TRUE,
ریاضی 1,دهم,ریاضی,هر دو,2,مثلثات,29,46,3,روابط بین نسبت‌های مثلثاتی,42,46,#FF9800,4,TRUE,
ریاضی 1,دهم,ریاضی,هر دو,3,توان‌های گویا و عبارت‌های جبری,48,68,1,ریشه و توان,48,53,#FF9800,4,TRUE,
ریاضی 1,دهم,ریاضی,هر دو,3,توان‌های گویا و عبارت‌های جبری,48,68,2,ریشه nام,54,58,#FF9800,4,TRUE,
ریاضی 1,دهم,ریاضی,هر دو,3,توان‌های گویا و عبارت‌های جبری,48,68,3,توان‌های گویا,59,60,#FF9800,4,TRUE,
ریاضی 1,دهم,ریاضی,هر دو,3,توان‌های گویا و عبارت‌های جبری,48,68,4,عبارت‌های جبری,61,68,#FF9800,4,TRUE,
ریاضی 1,دهم,ریاضی,هر دو,4,معادله‌ها و نامعادله‌ها,70,93,1,معادله درجه دوم و روش‌های مختلف حل آن,70,78,#FF9800,4,TRUE,
ریاضی 1,دهم,ریاضی,هر دو,4,معادله‌ها و نامعادله‌ها,70,93,2,سهمی,79,82,#FF9800,4,TRUE,
ریاضی 1,دهم,ریاضی,هر دو,4,معادله‌ها و نامعادله‌ها,70,93,3,تعیین علامت,83,93,#FF9800,4,TRUE,
ریاضی 1,دهم,ریاضی,هر دو,5,تابع,95,117,1,مفهوم تابع و بازنمایی‌های آن,95,100,#FF9800,4,TRUE,
ریاضی 1,دهم,ریاضی,هر دو,5,تابع,95,117,2,دامنه و برد توابع,101,108,#FF9800,4,TRUE,
ریاضی 1,دهم,ریاضی,هر دو,5,تابع,95,117,3,انواع تابع,109,117,#FF9800,4,TRUE,
ریاضی 1,دهم,ریاضی,هر دو,6,شمارش بدون شمردن,119,140,1,شمارش,119,126,#FF9800,4,TRUE,
ریاضی 1,دهم,ریاضی,هر دو,6,شمارش بدون شمردن,119,140,2,جایگشت,127,132,#FF9800,4,TRUE,
ریاضی 1,دهم,ریاضی,هر دو,6,شمارش بدون شمردن,119,140,3,ترکیب,133,140,#FF9800,4,TRUE,
ریاضی 1,دهم,ریاضی,هر دو,7,آمار و احتمال,142,164,1,احتمال یا اندازه‌گیری شانس,142,151,#FF9800,4,TRUE,
ریاضی 1,دهم,ریاضی,هر دو,7,آمار و احتمال,142,164,2,مقدمه‌ای بر علم آمار، جامعه و نمونه,152,158,#FF9800,4,TRUE,
ریاضی 1,دهم,ریاضی,هر دو,7,آمار و احتمال,142,164,3,متغیر و انواع آن,159,164,#FF9800,4,TRUE,
هندسه 1,دهم,ریاضی,هر دو,1,ترسیم‌های هندسی و استدلال,9,28,1,ترسیم‌های هندسی,10,16,#9C27B0,5,TRUE,
هندسه 1,دهم,ریاضی,هر دو,1,ترسیم‌های هندسی و استدلال,9,28,2,استدلال,17,28,#9C27B0,5,TRUE,
هندسه 1,دهم,ریاضی,هر دو,2,قضیۀ تالس، تشابه و کاربردهای آن,29,52,1,نسبت و تناسب در هندسه,30,33,#9C27B0,5,TRUE,
هندسه 1,دهم,ریاضی,هر دو,2,قضیۀ تالس، تشابه و کاربردهای آن,29,52,2,قضیۀ تالس,34,37,#9C27B0,5,TRUE,
هندسه 1,دهم,ریاضی,هر دو,2,قضیۀ تالس، تشابه و کاربردهای آن,29,52,3,تشابه مثلث‌ها,38,44,#9C27B0,5,TRUE,
هندسه 1,دهم,ریاضی,هر دو,2,قضیۀ تالس، تشابه و کاربردهای آن,29,52,4,کاربردهایی از قضیۀ تالس و تشابه مثلث‌ها,45,52,#9C27B0,5,TRUE,
هندسه 1,دهم,ریاضی,هر دو,3,چندضلعی‌ها,53,76,1,چندضلعی‌ها و ویژگی‌هایی از آن‌ها,54,64,#9C27B0,5,TRUE,
هندسه 1,دهم,ریاضی,هر دو,3,چندضلعی‌ها,53,76,2,مساحت و کاربردهای آن,65,76,#9C27B0,5,TRUE,
هندسه 1,دهم,ریاضی,هر دو,4,تجسم فضایی,77,96,1,خط، نقطه و صفحه,78,86,#9C27B0,5,TRUE,
هندسه 1,دهم,ریاضی,هر دو,4,تجسم فضایی,77,96,2,تفکر تجسمی,87,96,#9C27B0,5,TRUE,
هندسه 2,یازدهم,ریاضی,هر دو,1,دایره,9,30,1,مفاهیم اولیه و زاویه‌ها در دایره,10,17,#9C27B0,4,TRUE,
هندسه 2,یازدهم,ریاضی,هر دو,1,دایره,9,30,2,رابطه‌های طولی در دایره,18,23,#9C27B0,4,TRUE,
هندسه 2,یازدهم,ریاضی,هر دو,1,دایره,9,30,3,چند ضلعی‌های محاطی و محیطی,24,30,#9C27B0,4,TRUE,
هندسه 2,یازدهم,ریاضی,هر دو,2,تبدیل‌های هندسی و کاربردها,31,58,1,تبدیل‌های هندسی,32,49,#9C27B0,4,TRUE,
هندسه 2,یازدهم,ریاضی,هر دو,2,تبدیل‌های هندسی و کاربردها,31,58,2,کاربرد تبدیل‌ها,50,58,#9C27B0,4,TRUE,
هندسه 2,یازدهم,ریاضی,هر دو,3,روابط طولی در مثلث,59,80,1,قضیۀ سینوس‌ها,60,63,#9C27B0,4,TRUE,
هندسه 2,یازدهم,ریاضی,هر دو,3,روابط طولی در مثلث,59,80,2,قضیۀ کسینوس‌ها,64,67,#9C27B0,4,TRUE,
هندسه 2,یازدهم,ریاضی,هر دو,3,روابط طولی در مثلث,59,80,3,قضیۀ نیمسازهای زوایای داخلی و محاسبۀ طول نیمسازها,68,70,#9C27B0,4,TRUE,
هندسه 2,یازدهم,ریاضی,هر دو,3,روابط طولی در مثلث,59,80,4,قضیۀ هرون (محاسبۀ ارتفاع‌ها و مساحت مثلث),71,80,#9C27B0,4,TRUE,
آمار و احتمال,یازدهم,ریاضی,هر دو,1,آشنایی با مبانی ریاضیات,1,34,1,آشنایی با منطق ریاضی,2,15,#E91E63,4,TRUE,
آمار و احتمال,یازدهم,ریاضی,هر دو,1,آشنایی با مبانی ریاضیات,1,34,2,جبر مجموعه‌ها,16,34,#E91E63,4,TRUE,
آمار و احتمال,یازدهم,ریاضی,هر دو,2,احتمال,35,68,1,مبانی احتمال,36,43,#E91E63,4,TRUE,
آمار و احتمال,یازدهم,ریاضی,هر دو,2,احتمال,35,68,2,احتمال غیرهم‌شانس,44,47,#E91E63,4,TRUE,
آمار و احتمال,یازدهم,ریاضی,هر دو,2,احتمال,35,68,3,احتمال شرطی,48,62,#E91E63,4,TRUE,
آمار و احتمال,یازدهم,ریاضی,هر دو,2,احتمال,35,68,4,پیشامدهای مستقل و وابسته,63,68,#E91E63,4,TRUE,
آمار و احتمال,یازدهم,ریاضی,هر دو,3,آمار توصیفی,69,96,1,توصیف و نمایش داده‌ها,70,79,#E91E63,4,TRUE,
آمار و احتمال,یازدهم,ریاضی,هر دو,3,آمار توصیفی,69,96,2,معیارهای گرایش به مرکز,80,86,#E91E63,4,TRUE,
آمار و احتمال,یازدهم,ریاضی,هر دو,3,آمار توصیفی,69,96,3,معیارهای پراکندگی,87,96,#E91E63,4,TRUE,
آمار و احتمال,یازدهم,ریاضی,هر دو,4,آمار استنباطی,97,122,1,گردآوری داده‌ها,98,111,#E91E63,4,TRUE,
آمار و احتمال,یازدهم,ریاضی,هر دو,4,آمار استنباطی,97,122,2,برآورد,112,122,#E91E63,4,TRUE,
حسابان 1,یازدهم,ریاضی,هر دو,1,جبر و معادله,1,36,1,مجموع جملات دنباله‌های حسابی و هندسی,2,6,#00BCD4,5,TRUE,
حسابان 1,یازدهم,ریاضی,هر دو,1,جبر و معادله,1,36,2,معادلات درجه دوم,7,16,#00BCD4,5,TRUE,
حسابان 1,یازدهم,ریاضی,هر دو,1,جبر و معادله,1,36,3,معادلات گویا و گنگ,17,22,#00BCD4,5,TRUE,
حسابان 1,یازدهم,ریاضی,هر دو,1,جبر و معادله,1,36,4,قدر مطلق و ویژگی‌های آن,23,28,#00BCD4,5,TRUE,
حسابان 1,یازدهم,ریاضی,هر دو,1,جبر و معادله,1,36,5,آشنایی با هندسه تحلیلی,29,36,#00BCD4,5,TRUE,
حسابان 1,یازدهم,ریاضی,هر دو,2,تابع,37,70,1,آشنایی بیشتر با تابع,38,43,#00BCD4,4,TRUE,
حسابان 1,یازدهم,ریاضی,هر دو,2,تابع,37,70,2,انواع توابع,44,53,#00BCD4,4,TRUE,
حسابان 1,یازدهم,ریاضی,هر دو,2,تابع,37,70,3,وارون تابع,54,62,#00BCD4,4,TRUE,
حسابان 1,یازدهم,ریاضی,هر دو,2,تابع,37,70,4,اعمال روی توابع,63,70,#00BCD4,4,TRUE,
حسابان 1,یازدهم,ریاضی,هر دو,3,توابع نمایی و لوگاریتمی,71,90,1,تابع نمایی,72,79,#00BCD4,3,TRUE,
حسابان 1,یازدهم,ریاضی,هر دو,3,توابع نمایی و لوگاریتمی,71,90,2,تابع لگاریتمی و لگاریتم,80,85,#00BCD4,3,TRUE,
حسابان 1,یازدهم,ریاضی,هر دو,3,توابع نمایی و لوگاریتمی,71,90,3,ویژگی‌های لگاریتم و حل معادله‌های لگاریتمی,86,90,#00BCD4,3,TRUE,
حسابان 1,یازدهم,ریاضی,هر دو,4,مثلثات,91,112,1,رادیان,92,97,#00BCD4,4,TRUE,
حسابان 1,یازدهم,ریاضی,هر دو,4,مثلثات,91,112,2,نسبت‌های مثلثاتی برخی زوایا,98,104,#00BCD4,4,TRUE,
حسابان 1,یازدهم,ریاضی,هر دو,4,مثلثات,91,112,3,توابع مثلثاتی,105,109,#00BCD4,4,TRUE,
حسابان 1,یازدهم,ریاضی,هر دو,4,مثلثات,91,112,4,روابط مثلثاتی مجموع و تفاضل زوایا,110,112,#00BCD4,4,TRUE,
حسابان 1,یازدهم,ریاضی,هر دو,5,حد و پیوستگی,113,152,1,مفهوم حد و فرایندهای حدی,114,122,#00BCD4,5,TRUE,
حسابان 1,یازدهم,ریاضی,هر دو,5,حد و پیوستگی,113,152,2,حدهای یک‌طرفه (حد چپ و حد راست),123,129,#00BCD4,5,TRUE,
حسابان 1,یازدهم,ریاضی,هر دو,5,حد و پیوستگی,113,152,3,قضایای حد,130,140,#00BCD4,5,TRUE,
حسابان 1,یازدهم,ریاضی,هر دو,5,حد و پیوستگی,113,152,4,محاسبه حد توابع کسری (حالت 0/0),141,144,#00BCD4,5,TRUE,
حسابان 1,یازدهم,ریاضی,هر دو,5,حد و پیوستگی,113,152,5,پیوستگی,145,152,#00BCD4,5,TRUE,
حسابان 2,دوازدهم,ریاضی,هر دو,1,تابع,1,22,1,تبدیل نمودار توابع,2,12,#00BCD4,2,TRUE,
حسابان 2,دوازدهم,ریاضی,هر دو,1,تابع,1,22,2,تابع درجه سوم، توابع یکنوا و بخش‌پذیری و تقسیم,13,22,#00BCD4,2,TRUE,
حسابان 2,دوازدهم,ریاضی,هر دو,2,مثلثات,23,44,1,تناوب و تانژانت,24,34,#00BCD4,2,TRUE,
حسابان 2,دوازدهم,ریاضی,هر دو,2,مثلثات,23,44,2,معادلات مثلثاتی,35,44,#00BCD4,2,TRUE,
حسابان 2,دوازدهم,ریاضی,هر دو,3,حدهای نامتناهی - حد در بی‌نهایت,45,70,1,حدهای نامتناهی,46,58,#00BCD4,2,TRUE,
حسابان 2,دوازدهم,ریاضی,هر دو,3,حدهای نامتناهی - حد در بی‌نهایت,45,70,2,حد در بی‌نهایت,59,70,#00BCD4,2,TRUE,
حسابان 2,دوازدهم,ریاضی,هر دو,4,مشتق,71,110,1,آشنایی با مفهوم مشتق,72,83,#00BCD4,3,TRUE,
حسابان 2,دوازدهم,ریاضی,هر دو,4,مشتق,71,110,2,مشتق‌پذیری و پیوستگی,84,101,#00BCD4,3,TRUE,
حسابان 2,دوازدهم,ریاضی,هر دو,4,مشتق,71,110,3,آهنگ متوسط تغییر و آهنگ لحظه‌ای تغییر,102,110,#00BCD4,3,TRUE,
حسابان 2,دوازدهم,ریاضی,هر دو,5,کاربردهای مشتق,111,144,1,اکسترمم‌های یک تابع و توابع صعودی و نزولی,112,126,#00BCD4,3,TRUE,
حسابان 2,دوازدهم,ریاضی,هر دو,5,کاربردهای مشتق,111,144,2,جهت تقعر نمودار یک تابع و نقطه عطف آن,127,136,#00BCD4,3,TRUE,
حسابان 2,دوازدهم,ریاضی,هر دو,5,کاربردهای مشتق,111,144,3,رسم نمودار تابع,137,144,#00BCD4,3,TRUE,
هندسه 3,دوازدهم,ریاضی,هر دو,1,ماتریس و کاربردها,9,32,1,ماتریس و اعمال روی ماتریس‌ها,10,21,#9C27B0,2,TRUE,
هندسه 3,دوازدهم,ریاضی,هر دو,1,ماتریس و کاربردها,9,32,2,وارون ماتریس و دترمینان,22,32,#9C27B0,2,TRUE,
هندسه 3,دوازدهم,ریاضی,هر دو,2,آشنایی با مقاطع مخروطی,33,60,1,آشنایی با مقاطع مخروطی و مکان هندسی,34,39,#9C27B0,3,TRUE,
هندسه 3,دوازدهم,ریاضی,هر دو,2,آشنایی با مقاطع مخروطی,33,60,2,دایره,40,46,#9C27B0,3,TRUE,
هندسه 3,دوازدهم,ریاضی,هر دو,2,آشنایی با مقاطع مخروطی,33,60,3,بیضی و سهمی,47,60,#9C27B0,3,TRUE,
هندسه 3,دوازدهم,ریاضی,هر دو,3,بردارها,61,88,1,معرفی فضای R³,62,76,#9C27B0,2,TRUE,
هندسه 3,دوازدهم,ریاضی,هر دو,3,بردارها,61,88,2,ضرب داخلی و ضرب خارجی بردارها,77,88,#9C27B0,2,TRUE,
ریاضیات گسسته,دوازدهم,ریاضی,هر دو,1,آشنایی با نظریه اعداد,1,30,1,استدلال ریاضی,2,8,#FFC107,3,TRUE,
ریاضیات گسسته,دوازدهم,ریاضی,هر دو,1,آشنایی با نظریه اعداد,1,30,2,بخش‌پذیری در اعداد صحیح,9,17,#FFC107,3,TRUE,
ریاضیات گسسته,دوازدهم,ریاضی,هر دو,1,آشنایی با نظریه اعداد,1,30,3,هم‌نهشتی در اعداد صحیح و کاربردها,18,30,#FFC107,3,TRUE,
ریاضیات گسسته,دوازدهم,ریاضی,هر دو,2,گراف و مدل‌سازی,31,54,1,معرفی گراف,32,42,#FFC107,2,TRUE,
ریاضیات گسسته,دوازدهم,ریاضی,هر دو,2,گراف و مدل‌سازی,31,54,2,مدل‌سازی با گراف,43,54,#FFC107,2,TRUE,
ریاضیات گسسته,دوازدهم,ریاضی,هر دو,3,ترکیبیات (شمارش),55,84,1,مباحثی در ترکیبیات,56,72,#FFC107,2,TRUE,
ریاضیات گسسته,دوازدهم,ریاضی,هر دو,3,ترکیبیات (شمارش),55,84,2,روش‌هایی برای شمارش,73,84,#FFC107,2,TRUE,
فیزیک 1,دهم,ریاضی,هر دو,1,فیزیک و اندازه‌گیری,1,22,1,فیزیک : دانش بنیادی,2,4,#2196F3,6,TRUE,
فیزیک 1,دهم,ریاضی,هر دو,1,فیزیک و اندازه‌گیری,1,22,2,مدل‌سازی در فیزیک,5,5,#2196F3,6,TRUE,
فیزیک 1,دهم,ریاضی,هر دو,1,فیزیک و اندازه‌گیری,1,22,3,اندازه‌گیری و کمیت‌های فیزیکی,6,6,#2196F3,6,TRUE,
فیزیک 1,دهم,ریاضی,هر دو,1,فیزیک و اندازه‌گیری,1,22,4,اندازه‌گیری و دستگاه بین‌المللی یکاها,7,13,#2196F3,6,TRUE,
فیزیک 1,دهم,ریاضی,هر دو,1,فیزیک و اندازه‌گیری,1,22,5,اندازه‌گیری و دقت وسیله‌های اندازه‌گیری,14,15,#2196F3,6,TRUE,
فیزیک 1,دهم,ریاضی,هر دو,1,فیزیک و اندازه‌گیری,1,22,6,چگالی,16,22,#2196F3,6,TRUE,
فیزیک 1,دهم,ریاضی,هر دو,2,ویژگی‌های فیزیکی مواد,23,52,1,حالت‌های ماده,24,27,#2196F3,5,TRUE,
فیزیک 1,دهم,ریاضی,هر دو,2,ویژگی‌های فیزیکی مواد,23,52,2,نیروهای بین مولکولی,28,31,#2196F3,5,TRUE,
فیزیک 1,دهم,ریاضی,هر دو,2,ویژگی‌های فیزیکی مواد,23,52,3,فشار در شاره‌ها,32,39,#2196F3,5,TRUE,
فیزیک 1,دهم,ریاضی,هر دو,2,ویژگی‌های فیزیکی مواد,23,52,4,شناوری,40,42,#2196F3,5,TRUE,
فیزیک 1,دهم,ریاضی,هر دو,2,ویژگی‌های فیزیکی مواد,23,52,5,شاره در حرکت و اصل برنولی,43,52,#2196F3,5,TRUE,
فیزیک 1,دهم,ریاضی,هر دو,3,کار، انرژی و توان,53,82,1,انرژی جنبشی,54,54,#2196F3,7,TRUE,
فیزیک 1,دهم,ریاضی,هر دو,3,کار، انرژی و توان,53,82,2,کار انجام شده توسط نیروی ثابت,55,60,#2196F3,7,TRUE,
فیزیک 1,دهم,ریاضی,هر دو,3,کار، انرژی و توان,53,82,3,کار و انرژی جنبشی,61,63,#2196F3,7,TRUE,
فیزیک 1,دهم,ریاضی,هر دو,3,کار، انرژی و توان,53,82,4,کار و انرژی پتانسیل,64,67,#2196F3,7,TRUE,
فیزیک 1,دهم,ریاضی,هر دو,3,کار، انرژی و توان,53,82,5,پایستگی انرژی مکانیکی,68,70,#2196F3,7,TRUE,
فیزیک 1,دهم,ریاضی,هر دو,3,کار، انرژی و توان,53,82,6,کار و انرژی درونی,71,72,#2196F3,7,TRUE,
فیزیک 1,دهم,ریاضی,هر دو,3,کار، انرژی و توان,53,82,7,توان,73,82,#2196F3,7,TRUE,
فیزیک 1,دهم,ریاضی,هر دو,4,دما و گرما,83,126,1,دما و دما‌سنجی,84,86,#2196F3,6,TRUE,
فیزیک 1,دهم,ریاضی,هر دو,4,دما و گرما,83,126,2,انبساط گرمایی,87,95,#2196F3,6,TRUE,
فیزیک 1,دهم,ریاضی,هر دو,4,دما و گرما,83,126,3,گرما,96,102,#2196F3,6,TRUE,
فیزیک 1,دهم,ریاضی,هر دو,4,دما و گرما,83,126,4,تغییر حالت‌های ماده,103,110,#2196F3,6,TRUE,
فیزیک 1,دهم,ریاضی,هر دو,4,دما و گرما,83,126,5,روش‌های انتقال گرما,111,116,#2196F3,6,TRUE,
فیزیک 1,دهم,ریاضی,هر دو,4,دما و گرما,83,126,6,قوانین گازها,117,126,#2196F3,6,TRUE,
فیزیک 1,دهم,ریاضی,هر دو,5,ترمودینامیک,127,152,1,معادلهٔ حالت و فرایندهای ترمودینامیکی ایستاوار,128,128,#2196F3,8,TRUE,
فیزیک 1,دهم,ریاضی,هر دو,5,ترمودینامیک,127,152,2,تبادل انرژی,129,129,#2196F3,8,TRUE,
فیزیک 1,دهم,ریاضی,هر دو,5,ترمودینامیک,127,152,3,انرژی درونی و قانون اول ترمودینامیک,130,130,#2196F3,8,TRUE,
فیزیک 1,دهم,ریاضی,هر دو,5,ترمودینامیک,127,152,4,برخی از فرایندهای ترمودینامیکی,131,138,#2196F3,8,TRUE,
فیزیک 1,دهم,ریاضی,هر دو,5,ترمودینامیک,127,152,5,چرخهٔ ترمودینامیکی,139,139,#2196F3,8,TRUE,
فیزیک 1,دهم,ریاضی,هر دو,5,ترمودینامیک,127,152,6,ماشین‌های گرمایی,140,145,#2196F3,8,TRUE,
فیزیک 1,دهم,ریاضی,هر دو,5,ترمودینامیک,127,152,7,قانون دوم ترمودینامیک (به بیان ماشین گرمایی),146,146,#2196F3,8,TRUE,
فیزیک 1,دهم,ریاضی,هر دو,5,ترمودینامیک,127,152,8,قانون دوم ترمودینامیک و یخچال‌ها,147,152,#2196F3,8,TRUE,
فیزیک 2,یازدهم,ریاضی,هر دو,1,الکتریسیته ساکن,1,44,1,بار الکتریکی,2,2,#2196F3,12,TRUE,
فیزیک 2,یازدهم,ریاضی,هر دو,1,الکتریسیته ساکن,1,44,2,پایستگی و کوانتیده بودن بار الکتریکی,3,4,#2196F3,12,TRUE,
فیزیک 2,یازدهم,ریاضی,هر دو,1,الکتریسیته ساکن,1,44,3,قانون کولن,5,9,#2196F3,12,TRUE,
فیزیک 2,یازدهم,ریاضی,هر دو,1,الکتریسیته ساکن,1,44,4,میدان الکتریکی,10,11,#2196F3,12,TRUE,
فیزیک 2,یازدهم,ریاضی,هر دو,1,الکتریسیته ساکن,1,44,5,میدان الکتریکی حاصل از یک ذره باردار,12,16,#2196F3,12,TRUE,
فیزیک 2,یازدهم,ریاضی,هر دو,1,الکتریسیته ساکن,1,44,6,خطوط میدان الکتریکی,17,20,#2196F3,12,TRUE,
فیزیک 2,یازدهم,ریاضی,هر دو,1,الکتریسیته ساکن,1,44,7,انرژی پتانسیل الکتریکی,21,22,#2196F3,12,TRUE,
فیزیک 2,یازدهم,ریاضی,هر دو,1,الکتریسیته ساکن,1,44,8,پتانسیل الکتریکی,23,26,#2196F3,12,TRUE,
فیزیک 2,یازدهم,ریاضی,هر دو,1,الکتریسیته ساکن,1,44,9,میدان الکتریکی در داخل رساناها,27,31,#2196F3,12,TRUE,
فیزیک 2,یازدهم,ریاضی,هر دو,1,الکتریسیته ساکن,1,44,10,خازن,32,33,#2196F3,12,TRUE,
فیزیک 2,یازدهم,ریاضی,هر دو,1,الکتریسیته ساکن,1,44,11,خازن با دی‌الکتریک,34,37,#2196F3,12,TRUE,
فیزیک 2,یازدهم,ریاضی,هر دو,1,الکتریسیته ساکن,1,44,12,انرژی خازن,38,44,#2196F3,12,TRUE,
فیزیک 2,یازدهم,ریاضی,هر دو,2,جریان الکتریکی و مدارهای جریان مستقیم,45,82,1,جریان الکتریکی,46,48,#2196F3,6,TRUE,
فیزیک 2,یازدهم,ریاضی,هر دو,2,جریان الکتریکی و مدارهای جریان مستقیم,45,82,2,مقاومت الکتریکی و قانون اهم,49,50,#2196F3,6,TRUE,
فیزیک 2,یازدهم,ریاضی,هر دو,2,جریان الکتریکی و مدارهای جریان مستقیم,45,82,3,عوامل مؤثر بر مقاومت الکتریکی,51,60,#2196F3,6,TRUE,
فیزیک 2,یازدهم,ریاضی,هر دو,2,جریان الکتریکی و مدارهای جریان مستقیم,45,82,4,نیروی محرکه الکتریکی و مدارها,61,66,#2196F3,6,TRUE,
فیزیک 2,یازدهم,ریاضی,هر دو,2,جریان الکتریکی و مدارهای جریان مستقیم,45,82,5,توان در مدارهای الکتریکی,67,69,#2196F3,6,TRUE,
فیزیک 2,یازدهم,ریاضی,هر دو,2,جریان الکتریکی و مدارهای جریان مستقیم,45,82,6,ترکیب مقاومت‌ها,70,82,#2196F3,6,TRUE,
فیزیک 2,یازدهم,ریاضی,هر دو,3,مغناطیس,83,108,1,مغناطیس و قطب‌های مغناطیسی,84,84,#2196F3,6,TRUE,
فیزیک 2,یازدهم,ریاضی,هر دو,3,مغناطیس,83,108,2,میدان مغناطیسی,85,88,#2196F3,6,TRUE,
فیزیک 2,یازدهم,ریاضی,هر دو,3,مغناطیس,83,108,3,نیروی مغناطیسی وارد بر ذره باردار متحرک در میدان مغناطیسی,89,90,#2196F3,6,TRUE,
فیزیک 2,یازدهم,ریاضی,هر دو,3,مغناطیس,83,108,4,نیروی مغناطیسی وارد بر سیم حامل جریان,91,93,#2196F3,6,TRUE,
فیزیک 2,یازدهم,ریاضی,هر دو,3,مغناطیس,83,108,5,میدان مغناطیسی حاصل از جریان الکتریکی,94,100,#2196F3,6,TRUE,
فیزیک 2,یازدهم,ریاضی,هر دو,3,مغناطیس,83,108,6,ویژگی‌های مغناطیسی مواد,101,108,#2196F3,6,TRUE,
فیزیک 2,یازدهم,ریاضی,هر دو,4,القای الکترومغناطیسی و جریان متناوب,109,132,1,پدیده القای الکترومغناطیسی,110,110,#2196F3,5,TRUE,
فیزیک 2,یازدهم,ریاضی,هر دو,4,القای الکترومغناطیسی و جریان متناوب,109,132,2,قانون القای الکترومغناطیسی فاراده,111,116,#2196F3,5,TRUE,
فیزیک 2,یازدهم,ریاضی,هر دو,4,القای الکترومغناطیسی و جریان متناوب,109,132,3,قانون لنز,117,117,#2196F3,5,TRUE,
فیزیک 2,یازدهم,ریاضی,هر دو,4,القای الکترومغناطیسی و جریان متناوب,109,132,4,القاگرها,118,121,#2196F3,5,TRUE,
فیزیک 2,یازدهم,ریاضی,هر دو,4,القای الکترومغناطیسی و جریان متناوب,109,132,5,جریان متناوب,122,132,#2196F3,5,TRUE,
فیزیک 3,دوازدهم,ریاضی,هر دو,1,حرکت بر خط راست,1,28,1,شناخت حرکت,2,12,#2196F3,4,TRUE,
فیزیک 3,دوازدهم,ریاضی,هر دو,1,حرکت بر خط راست,1,28,2,حرکت با سرعت ثابت,13,14,#2196F3,4,TRUE,
فیزیک 3,دوازدهم,ریاضی,هر دو,1,حرکت بر خط راست,1,28,3,حرکت با شتاب ثابت,15,20,#2196F3,4,TRUE,
فیزیک 3,دوازدهم,ریاضی,هر دو,1,حرکت بر خط راست,1,28,4,سقوط آزاد,21,28,#2196F3,4,TRUE,
فیزیک 3,دوازدهم,ریاضی,هر دو,2,دینامیک و حرکت دایره‌ای,29,60,1,قوانین حرکت نیوتون,30,34,#2196F3,5,TRUE,
فیزیک 3,دوازدهم,ریاضی,هر دو,2,دینامیک و حرکت دایره‌ای,29,60,2,معرفی برخی از نیروهای خاص,35,45,#2196F3,5,TRUE,
فیزیک 3,دوازدهم,ریاضی,هر دو,2,دینامیک و حرکت دایره‌ای,29,60,3,تکانه و قانون دوم نیوتون,46,47,#2196F3,5,TRUE,
فیزیک 3,دوازدهم,ریاضی,هر دو,2,دینامیک و حرکت دایره‌ای,29,60,4,حرکت دایره‌ای یکنواخت,48,52,#2196F3,5,TRUE,
فیزیک 3,دوازدهم,ریاضی,هر دو,2,دینامیک و حرکت دایره‌ای,29,60,5,نیروی گرانشی,53,60,#2196F3,5,TRUE,
فیزیک 3,دوازدهم,ریاضی,هر دو,3,نوسان و موج,61,88,1,نوسان دوره‌ای,62,62,#2196F3,6,TRUE,
فیزیک 3,دوازدهم,ریاضی,هر دو,3,نوسان و موج,61,88,2,حرکت هماهنگ ساده,63,65,#2196F3,6,TRUE,
فیزیک 3,دوازدهم,ریاضی,هر دو,3,نوسان و موج,61,88,3,انرژی در حرکت هماهنگ ساده,66,67,#2196F3,6,TRUE,
فیزیک 3,دوازدهم,ریاضی,هر دو,3,نوسان و موج,61,88,4,تشدید,68,68,#2196F3,6,TRUE,
فیزیک 3,دوازدهم,ریاضی,هر دو,3,نوسان و موج,61,88,5,موج و انواع آن,69,69,#2196F3,6,TRUE,
فیزیک 3,دوازدهم,ریاضی,هر دو,3,نوسان و موج,61,88,6,مشخصه‌های موج,70,88,#2196F3,6,TRUE,
فیزیک 3,دوازدهم,ریاضی,هر دو,4,برهم‌کنش‌های موج,89,114,1,بازتاب موج,90,93,#2196F3,4,TRUE,
فیزیک 3,دوازدهم,ریاضی,هر دو,4,برهم‌کنش‌های موج,89,114,2,شکست موج,94,100,#2196F3,4,TRUE,
فیزیک 3,دوازدهم,ریاضی,هر دو,4,برهم‌کنش‌های موج,89,114,3,پراش موج,101,102,#2196F3,4,TRUE,
فیزیک 3,دوازدهم,ریاضی,هر دو,4,برهم‌کنش‌های موج,89,114,4,تداخل امواج,103,114,#2196F3,4,TRUE,
فیزیک 3,دوازدهم,ریاضی,هر دو,5,آشنایی با فیزیک اتمی,115,136,1,اثر فوتوالکتریک و فوتون,116,120,#2196F3,4,TRUE,
فیزیک 3,دوازدهم,ریاضی,هر دو,5,آشنایی با فیزیک اتمی,115,136,2,طیف خطی,121,124,#2196F3,4,TRUE,
فیزیک 3,دوازدهم,ریاضی,هر دو,5,آشنایی با فیزیک اتمی,115,136,3,مدل اتم رادرفورد - بور,125,131,#2196F3,4,TRUE,
فیزیک 3,دوازدهم,ریاضی,هر دو,5,آشنایی با فیزیک اتمی,115,136,4,لیزر,132,136,#2196F3,4,TRUE,
فیزیک 3,دوازدهم,ریاضی,هر دو,6,آشنایی با فیزیک هسته‌ای,137,160,1,ساختار هسته,138,141,#2196F3,4,TRUE,
فیزیک 3,دوازدهم,ریاضی,هر دو,6,آشنایی با فیزیک هسته‌ای,137,160,2,پرتوزایی طبیعی و نیمه‌عمر,142,147,#2196F3,4,TRUE,
فیزیک 3,دوازدهم,ریاضی,هر دو,6,آشنایی با فیزیک هسته‌ای,137,160,3,شکافت هسته‌ای,148,151,#2196F3,4,TRUE,
فیزیک 3,دوازدهم,ریاضی,هر دو,6,آشنایی با فیزیک هسته‌ای,137,160,4,گداخت (همجوشی) هسته‌ای,152,160,#2196F3,4,TRUE,
دین و زندگی 3,دوازدهم,انسانی,نهایی,1,هستی‌بخش,6,17,,,,,#3F51B5,6,TRUE,
دین و زندگی 3,دوازدهم,انسانی,نهایی,2,یگانه بی‌همتا,18,29,,,,,#3F51B5,6,TRUE,
دین و زندگی 3,دوازدهم,انسانی,نهایی,3,توحید و سبک زندگی,30,41,,,,,#3F51B5,6,TRUE,
دین و زندگی 3,دوازدهم,انسانی,نهایی,4,فقط برای تو,42,53,,,,,#3F51B5,6,TRUE,
دین و زندگی 3,دوازدهم,انسانی,نهایی,5,قدرت پرواز,54,65,,,,,#3F51B5,6,TRUE,
دین و زندگی 3,دوازدهم,انسانی,نهایی,6,سنت‌های خداوند در زندگی,66,77,,,,,#3F51B5,6,TRUE,
دین و زندگی 3,دوازدهم,انسانی,نهایی,7,در گرو کار خویش,82,93,,,,,#3F51B5,7,TRUE,
دین و زندگی 3,دوازدهم,انسانی,نهایی,8,بازگشت,94,107,,,,,#3F51B5,7,TRUE,
دین و زندگی 3,دوازدهم,انسانی,نهایی,9,زندگی در دنیای امروز و عمل به احکام الهی,108,121,,,,,#3F51B5,7,TRUE,
دین و زندگی 3,دوازدهم,انسانی,نهایی,10,پایه‌های استوار,122,131,,,,,#3F51B5,7,TRUE,
دین و زندگی 3,دوازدهم,انسانی,نهایی,11,عصر شکوفایی,132,145,,,,,#3F51B5,7,TRUE,
دین و زندگی 3,دوازدهم,انسانی,نهایی,12,نگاهی به تمدن جدید,146,155,,,,,#3F51B5,7,TRUE,
دین و زندگی 3,دوازدهم,انسانی,نهایی,13,مسئولیت بزرگ ما,156,168,,,,,#3F51B5,7,TRUE,
انگلیسی 3,دوازدهم,تجربی,نهایی,1,Sense of Appreciation,15,41,,,,,#009688,1,TRUE,
انگلیسی 3,دوازدهم,تجربی,نهایی,2,Look it Up!,43,69,,,,,#009688,1,TRUE,
انگلیسی 3,دوازدهم,تجربی,نهایی,3,Renewable Energy,71,99,,,,,#009688,1,TRUE,
انگلیسی 3,دوازدهم,ریاضی,نهایی,1,Sense of Appreciation,15,41,,,,,#009688,1,TRUE,
انگلیسی 3,دوازدهم,ریاضی,نهایی,2,Look it Up!,43,69,,,,,#009688,1,TRUE,
انگلیسی 3,دوازدهم,ریاضی,نهایی,3,Renewable Energy,71,99,,,,,#009688,1,TRUE,
انگلیسی 3,دوازدهم,انسانی,نهایی,1,Sense of Appreciation,15,41,,,,,#009688,1,TRUE,
انگلیسی 3,دوازدهم,انسانی,نهایی,2,Look it Up!,43,69,,,,,#009688,1,TRUE,
انگلیسی 3,دوازدهم,انسانی,نهایی,3,Renewable Energy,71,99,,,,,#009688,1,TRUE,
سلامت و بهداشت,دوازدهم,تجربی,نهایی,1,سلامت چیست؟,3,11,,,,,#8BC34A,1,TRUE,
سلامت و بهداشت,دوازدهم,تجربی,نهایی,2,سبک زندگی سالم,12,18,,,,,#8BC34A,1,TRUE,
سلامت و بهداشت,دوازدهم,تجربی,نهایی,3,برنامه غذایی سالم,19,32,,,,,#8BC34A,1,TRUE,
سلامت و بهداشت,دوازدهم,تجربی,نهایی,4,کنترل وزن و تناسب اندام,33,39,,,,,#8BC34A,1,TRUE,
سلامت و بهداشت,دوازدهم,تجربی,نهایی,5,بهداشت و ایمنی مواد غذایی,40,48,,,,,#8BC34A,1,TRUE,
سلامت و بهداشت,دوازدهم,تجربی,نهایی,6,بیماری‌های غیر واگیر,49,66,,,,,#8BC34A,1,TRUE,
سلامت و بهداشت,دوازدهم,تجربی,نهایی,7,بیماری‌های واگیردار,67,78,,,,,#8BC34A,1,TRUE,
سلامت و بهداشت,دوازدهم,تجربی,نهایی,8,بهداشت فردی,79,100,,,,,#8BC34A,1,TRUE,
سلامت و بهداشت,دوازدهم,تجربی,نهایی,9,بهداشت ازدواج و فرزندآوری,101,110,,,,,#8BC34A,1,TRUE,
سلامت و بهداشت,دوازدهم,تجربی,نهایی,10,بهداشت روان,111,128,,,,,#8BC34A,1,TRUE,
سلامت و بهداشت,دوازدهم,تجربی,نهایی,11,مصرف دخانیات و الکل,129,138,,,,,#8BC34A,1,TRUE,
سلامت و بهداشت,دوازدهم,تجربی,نهایی,12,اعتیاد به مواد مخدر و عوارض آن,139,156,,,,,#8BC34A,1,TRUE,
سلامت و بهداشت,دوازدهم,تجربی,نهایی,13,پیشگیری از اختلالات اسکلتی - عضلانی (کمر درد),157,171,,,,,#8BC34A,1,TRUE,
سلامت و بهداشت,دوازدهم,تجربی,نهایی,14,پیشگیری از حوادث خانگی,172,184,,,,,#8BC34A,1,TRUE,
سلامت و بهداشت,دوازدهم,ریاضی,نهایی,1,سلامت چیست؟,3,11,,,,,#8BC34A,1,TRUE,
سلامت و بهداشت,دوازدهم,ریاضی,نهایی,2,سبک زندگی سالم,12,18,,,,,#8BC34A,1,TRUE,
سلامت و بهداشت,دوازدهم,ریاضی,نهایی,3,برنامه غذایی سالم,19,32,,,,,#8BC34A,1,TRUE,
سلامت و بهداشت,دوازدهم,ریاضی,نهایی,4,کنترل وزن و تناسب اندام,33,39,,,,,#8BC34A,1,TRUE,
سلامت و بهداشت,دوازدهم,ریاضی,نهایی,5,بهداشت و ایمنی مواد غذایی,40,48,,,,,#8BC34A,1,TRUE,
سلامت و بهداشت,دوازدهم,ریاضی,نهایی,6,بیماری‌های غیر واگیر,49,66,,,,,#8BC34A,1,TRUE,
سلامت و بهداشت,دوازدهم,ریاضی,نهایی,7,بیماری‌های واگیردار,67,78,,,,,#8BC34A,1,TRUE,
سلامت و بهداشت,دوازدهم,ریاضی,نهایی,8,بهداشت فردی,79,100,,,,,#8BC34A,1,TRUE,
سلامت و بهداشت,دوازدهم,ریاضی,نهایی,9,بهداشت ازدواج و فرزندآوری,101,110,,,,,#8BC34A,1,TRUE,
سلامت و بهداشت,دوازدهم,ریاضی,نهایی,10,بهداشت روان,111,128,,,,,#8BC34A,1,TRUE,
سلامت و بهداشت,دوازدهم,ریاضی,نهایی,11,مصرف دخانیات و الکل,129,138,,,,,#8BC34A,1,TRUE,
سلامت و بهداشت,دوازدهم,ریاضی,نهایی,12,اعتیاد به مواد مخدر و عوارض آن,139,156,,,,,#8BC34A,1,TRUE,
سلامت و بهداشت,دوازدهم,ریاضی,نهایی,13,پیشگیری از اختلالات اسکلتی - عضلانی (کمر درد),157,171,,,,,#8BC34A,1,TRUE,
سلامت و بهداشت,دوازدهم,ریاضی,نهایی,14,پیشگیری از حوادث خانگی,172,184,,,,,#8BC34A,1,TRUE,
سلامت و بهداشت,دوازدهم,انسانی,نهایی,1,سلامت چیست؟,3,11,,,,,#8BC34A,1,TRUE,
سلامت و بهداشت,دوازدهم,انسانی,نهایی,2,سبک زندگی سالم,12,18,,,,,#8BC34A,1,TRUE,
سلامت و بهداشت,دوازدهم,انسانی,نهایی,3,برنامه غذایی سالم,19,32,,,,,#8BC34A,1,TRUE,
سلامت و بهداشت,دوازدهم,انسانی,نهایی,4,کنترل وزن و تناسب اندام,33,39,,,,,#8BC34A,1,TRUE,
سلامت و بهداشت,دوازدهم,انسانی,نهایی,5,بهداشت و ایمنی مواد غذایی,40,48,,,,,#8BC34A,1,TRUE,
سلامت و بهداشت,دوازدهم,انسانی,نهایی,6,بیماری‌های غیر واگیر,49,66,,,,,#8BC34A,1,TRUE,
سلامت و بهداشت,دوازدهم,انسانی,نهایی,7,بیماری‌های واگیردار,67,78,,,,,#8BC34A,1,TRUE,
سلامت و بهداشت,دوازدهم,انسانی,نهایی,8,بهداشت فردی,79,100,,,,,#8BC34A,1,TRUE,
سلامت و بهداشت,دوازدهم,انسانی,نهایی,9,بهداشت ازدواج و فرزندآوری,101,110,,,,,#8BC34A,1,TRUE,
سلامت و بهداشت,دوازدهم,انسانی,نهایی,10,بهداشت روان,111,128,,,,,#8BC34A,1,TRUE,
سلامت و بهداشت,دوازدهم,انسانی,نهایی,11,مصرف دخانیات و الکل,129,138,,,,,#8BC34A,1,TRUE,
سلامت و بهداشت,دوازدهم,انسانی,نهایی,12,اعتیاد به مواد مخدر و عوارض آن,139,156,,,,,#8BC34A,1,TRUE,
سلامت و بهداشت,دوازدهم,انسانی,نهایی,13,پیشگیری از اختلالات اسکلتی - عضلانی (کمر درد),157,171,,,,,#8BC34A,1,TRUE,
سلامت و بهداشت,دوازدهم,انسانی,نهایی,14,پیشگیری از حوادث خانگی,172,184,,,,,#8BC34A,1,TRUE,
اقتصاد,دهم,انسانی,هر دو,1,کسب و کار و کارآفرینی,2,11,,,,,#CDDC39,1,TRUE,
اقتصاد,دهم,انسانی,هر دو,2,انتخاب نوع کسب و کار,12,21,,,,,#CDDC39,1,TRUE,
اقتصاد,دهم,انسانی,هر دو,3,اصول انتخاب درست,22,33,,,,,#CDDC39,1,TRUE,
اقتصاد,دهم,انسانی,هر دو,4,مرز امکانات تولید,34,42,,,,,#CDDC39,1,TRUE,
اقتصاد,دهم,انسانی,هر دو,5,بازار چیست و چگونه عمل می‌کند؟,44,54,,,,,#CDDC39,1,TRUE,
اقتصاد,دهم,انسانی,هر دو,6,نقش دولت در اقتصاد چیست؟,55,68,,,,,#CDDC39,1,TRUE,
اقتصاد,دهم,انسانی,هر دو,7,تجارت بین‌الملل,69,80,,,,,#CDDC39,1,TRUE,
اقتصاد,دهم,انسانی,هر دو,8,رکود، بیکاری و فقر,82,91,,,,,#CDDC39,1,TRUE,
اقتصاد,دهم,انسانی,هر دو,9,تورم و کاهش قدرت خرید,92,104,,,,,#CDDC39,1,TRUE,
اقتصاد,دهم,انسانی,هر دو,10,مقاوم‌سازی اقتصاد,105,115,,,,,#CDDC39,1,TRUE,
اقتصاد,دهم,انسانی,هر دو,11,رشد و پیشرفت اقتصادی,116,128,,,,,#CDDC39,1,TRUE,
اقتصاد,دهم,انسانی,هر دو,12,بودجه‌بندی,130,139,,,,,#CDDC39,1,TRUE,
اقتصاد,دهم,انسانی,هر دو,13,تصمیم‌گیری در مخارج,140,149,,,,,#CDDC39,1,TRUE,
اقتصاد,دهم,انسانی,هر دو,14,پس‌انداز و سرمایه‌گذاری,150,160,,,,,#CDDC39,1,TRUE,
ریاضی و آمار 3,دوازدهم,انسانی,هر دو,1,آمار و احتمال,1,44,1,شمارش,2,11,#FF5722,3,TRUE,
ریاضی و آمار 3,دوازدهم,انسانی,هر دو,1,آمار و احتمال,1,44,2,احتمال,12,27,#FF5722,3,TRUE,
ریاضی و آمار 3,دوازدهم,انسانی,هر دو,1,آمار و احتمال,1,44,3,چرخه آمار در حل مسائل,28,44,#FF5722,3,TRUE,
ریاضی و آمار 3,دوازدهم,انسانی,هر دو,2,الگوهای خطی,45,72,1,مدل سازی و دنباله,46,60,#FF5722,2,TRUE,
ریاضی و آمار 3,دوازدهم,انسانی,هر دو,2,الگوهای خطی,45,72,2,دنباله‌های حسابی,61,72,#FF5722,2,TRUE,
ریاضی و آمار 3,دوازدهم,انسانی,هر دو,3,الگوهای غیرخطی,73,104,1,دنباله هندسی,74,85,#FF5722,3,TRUE,
ریاضی و آمار 3,دوازدهم,انسانی,هر دو,3,الگوهای غیرخطی,73,104,2,ریشه nام و توان گویا,86,94,#FF5722,3,TRUE,
ریاضی و آمار 3,دوازدهم,انسانی,هر دو,3,الگوهای غیرخطی,73,104,3,تابع نمایی,95,104,#FF5722,3,TRUE,
ریاضی و آمار 2,یازدهم,انسانی,هر دو,1,آشنایی با منطق و استدلال ریاضی,1,20,1,گزاره‌ها و ترکیب گزاره‌ها,2,11,#FF5722,2,TRUE,
ریاضی و آمار 2,یازدهم,انسانی,هر دو,1,آشنایی با منطق و استدلال ریاضی,1,20,2,استدلال ریاضی,12,20,#FF5722,2,TRUE,
ریاضی و آمار 2,یازدهم,انسانی,هر دو,2,تابع,21,54,1,توابع ثابت، چندضابطه‌ای و همانی,22,33,#FF5722,3,TRUE,
ریاضی و آمار 2,یازدهم,انسانی,هر دو,2,تابع,21,54,2,توابع پلکانی و قدر مطلقی,34,44,#FF5722,3,TRUE,
ریاضی و آمار 2,یازدهم,انسانی,هر دو,2,تابع,21,54,3,اعمال بر روی توابع,45,54,#FF5722,3,TRUE,
ریاضی و آمار 2,یازدهم,انسانی,هر دو,3,آمار,55,70,1,شاخص‌های آماری,56,62,#FF5722,2,TRUE,
ریاضی و آمار 2,یازدهم,انسانی,هر دو,3,آمار,55,70,2,سری‌های زمانی,63,70,#FF5722,2,TRUE,
ریاضی و آمار 1,دهم,انسانی,هر دو,1,معادله درجه دوم,9,38,1,معادله و مسائل توصیفی,10,18,#FF5722,3,TRUE,
ریاضی و آمار 1,دهم,انسانی,هر دو,1,معادله درجه دوم,9,38,2,حل معادله درجه 2 و کاربردها,19,32,#FF5722,3,TRUE,
ریاضی و آمار 1,دهم,انسانی,هر دو,1,معادله درجه دوم,9,38,3,معادله‌های شامل عبارت‌های گویا,33,38,#FF5722,3,TRUE,
ریاضی و آمار 1,دهم,انسانی,هر دو,2,تابع,39,70,1,مفهوم تابع,40,49,#FF5722,4,TRUE,
ریاضی و آمار 1,دهم,انسانی,هر دو,2,تابع,39,70,2,ضابطه جبری تابع,50,55,#FF5722,4,TRUE,
ریاضی و آمار 1,دهم,انسانی,هر دو,2,تابع,39,70,3,نمودار تابع خطی,56,62,#FF5722,4,TRUE,
ریاضی و آمار 1,دهم,انسانی,هر دو,2,تابع,39,70,4,نمودار تابع درجه 2,63,70,#FF5722,4,TRUE,
ریاضی و آمار 1,دهم,انسانی,هر دو,3,کار با داده‌های آماری,71,98,1,گردآوری داده‌ها,72,84,#FF5722,3,TRUE,
ریاضی و آمار 1,دهم,انسانی,هر دو,3,کار با داده‌های آماری,71,98,2,معیارهای گرایش به مرکز,85,88,#FF5722,3,TRUE,
ریاضی و آمار 1,دهم,انسانی,هر دو,3,کار با داده‌های آماری,71,98,3,معیارهای پراکندگی,89,98,#FF5722,3,TRUE,
ریاضی و آمار 1,دهم,انسانی,هر دو,4,نمایش داده‌ها,99,117,1,نمودارهای یک‌متغیره,100,109,#FF5722,2,TRUE,
ریاضی و آمار 1,دهم,انسانی,هر دو,4,نمایش داده‌ها,99,117,2,نمودارهای چندمتغیره,110,117,#FF5722,2,TRUE,
علوم و فنون ادبی 1,دهم,انسانی,هر دو,0,ستایش,10,11,0,ستایش: ای بی‌نشان,10,11,#795548,1,TRUE,
علوم و فنون ادبی 1,دهم,انسانی,هر دو,1,فصل اول,11,36,1,درس اول: مبانی تحلیل متن,12,20,#795548,4,TRUE,
علوم و فنون ادبی 1,دهم,انسانی,هر دو,1,فصل اول,11,36,2,درس دوم: سازه‌ها و عوامل تأثیرگذار در شعر فارسی,21,25,#795548,4,TRUE,
علوم و فنون ادبی 1,دهم,انسانی,هر دو,1,فصل اول,11,36,3,درس سوم: واج‌آرایی، واژه‌آرایی,26,30,#795548,4,TRUE,
علوم و فنون ادبی 1,دهم,انسانی,هر دو,1,فصل اول,11,36,4,کارگاه تحلیل فصل اول,31,36,#795548,4,TRUE,
علوم و فنون ادبی 1,دهم,انسانی,هر دو,2,فصل دوم,37,58,1,درس چهارم: تاریخ ادبیات پیش از اسلام و قرن‌های اولیه هجری,38,46,#795548,4,TRUE,
علوم و فنون ادبی 1,دهم,انسانی,هر دو,2,فصل دوم,37,58,2,درس پنجم: هماهنگی پاره‌های کلام,47,51,#795548,4,TRUE,
علوم و فنون ادبی 1,دهم,انسانی,هر دو,2,فصل دوم,37,58,3,درس ششم: سجع و انواع آن,52,55,#795548,4,TRUE,
علوم و فنون ادبی 1,دهم,انسانی,هر دو,2,فصل دوم,37,58,4,کارگاه تحلیل فصل دوم,56,58,#795548,4,TRUE,
علوم و فنون ادبی 1,دهم,انسانی,هر دو,3,فصل سوم,59,78,1,درس هفتم: سبک و سبک‌شناسی (سبک خراسانی),60,66,#795548,4,TRUE,
علوم و فنون ادبی 1,دهم,انسانی,هر دو,3,فصل سوم,59,78,2,درس هشتم: وزن شعر فارسی,67,72,#795548,4,TRUE,
علوم و فنون ادبی 1,دهم,انسانی,هر دو,3,فصل سوم,59,78,3,درس نهم: موازنه و ترصیع,73,76,#795548,4,TRUE,
علوم و فنون ادبی 1,دهم,انسانی,هر دو,3,فصل سوم,59,78,4,کارگاه تحلیل فصل سوم,77,78,#795548,4,TRUE,
علوم و فنون ادبی 1,دهم,انسانی,هر دو,4,فصل چهارم,79,106,1,درس دهم: زبان و ادبیات فارسی در سده‌های پنجم و ششم و ویژگی‌های سبکی آن,80,87,#795548,4,TRUE,
علوم و فنون ادبی 1,دهم,انسانی,هر دو,4,فصل چهارم,79,106,2,درس یازدهم: قافیه,88,96,#795548,4,TRUE,
علوم و فنون ادبی 1,دهم,انسانی,هر دو,4,فصل چهارم,79,106,3,درس دوازدهم: جناس و انواع آن,97,101,#795548,4,TRUE,
علوم و فنون ادبی 1,دهم,انسانی,هر دو,4,فصل چهارم,79,106,4,کارگاه تحلیل فصل چهارم,102,106,#795548,4,TRUE,
علوم و فنون ادبی 1,دهم,انسانی,هر دو,5,نیایش,107,108,1,نیایش: به امید تو,107,108,#795548,1,TRUE,
علوم و فنون ادبی 2,یازدهم,انسانی,هر دو,0,ستایش,10,11,0,ستایش: الهی,10,11,#795548,1,TRUE,
علوم و فنون ادبی 2,یازدهم,انسانی,هر دو,1,فصل یکم,11,34,1,درس یکم: تاریخ ادبیات فارسی در قرن‌های هفتم، هشتم و نهم,12,19,#795548,4,TRUE,
علوم و فنون ادبی 2,یازدهم,انسانی,هر دو,1,فصل یکم,11,34,2,درس دوم: پایه‌های آوایی,20,25,#795548,4,TRUE,
علوم و فنون ادبی 2,یازدهم,انسانی,هر دو,1,فصل یکم,11,34,3,درس سوم: تشبیه,26,33,#795548,4,TRUE,
علوم و فنون ادبی 2,یازدهم,انسانی,هر دو,1,فصل یکم,11,34,4,کارگاه تحلیل فصل,34,34,#795548,4,TRUE,
علوم و فنون ادبی 2,یازدهم,انسانی,هر دو,2,فصل دوم,35,56,1,درس چهارم: سبک‌شناسی قرن‌های هفتم، هشتم و نهم (سبک عراقی),36,41,#795548,4,TRUE,
علوم و فنون ادبی 2,یازدهم,انسانی,هر دو,2,فصل دوم,35,56,2,درس پنجم: پایه‌های آوایی همسان (1),42,50,#795548,4,TRUE,
علوم و فنون ادبی 2,یازدهم,انسانی,هر دو,2,فصل دوم,35,56,3,درس ششم: مجاز,51,54,#795548,4,TRUE,
علوم و فنون ادبی 2,یازدهم,انسانی,هر دو,2,فصل دوم,35,56,4,کارگاه تحلیل فصل,55,56,#795548,4,TRUE,
علوم و فنون ادبی 2,یازدهم,انسانی,هر دو,3,فصل سوم,57,78,1,درس هفتم: تاریخ ادبیات فارسی در قرن‌های دهم و یازدهم,58,62,#795548,4,TRUE,
علوم و فنون ادبی 2,یازدهم,انسانی,هر دو,3,فصل سوم,57,78,2,درس هشتم: پایه‌های آوایی همسان (2),63,70,#795548,4,TRUE,
علوم و فنون ادبی 2,یازدهم,انسانی,هر دو,3,فصل سوم,57,78,3,درس نهم: استعاره,71,76,#795548,4,TRUE,
علوم و فنون ادبی 2,یازدهم,انسانی,هر دو,3,فصل سوم,57,78,4,کارگاه تحلیل فصل,77,78,#795548,4,TRUE,
علوم و فنون ادبی 2,یازدهم,انسانی,هر دو,4,فصل چهارم,79,107,1,درس دهم: سبک‌شناسی قرن‌های دهم و یازدهم (سبک هندی),80,87,#795548,4,TRUE,
علوم و فنون ادبی 2,یازدهم,انسانی,هر دو,4,فصل چهارم,79,107,2,درس یازدهم: پایه‌های آوایی همسان دو لختی,88,94,#795548,4,TRUE,
علوم و فنون ادبی 2,یازدهم,انسانی,هر دو,4,فصل چهارم,79,107,3,درس دوازدهم: کنایه,95,99,#795548,4,TRUE,
علوم و فنون ادبی 2,یازدهم,انسانی,هر دو,4,فصل چهارم,79,107,4,کارگاه تحلیل فصل,100,107,#795548,4,TRUE,
علوم و فنون ادبی 2,یازدهم,انسانی,هر دو,5,نیایش,108,109,1,نیایش,108,109,#795548,1,TRUE,
علوم و فنون ادبی 3,دوازدهم,انسانی,هر دو,0,ستایش,10,11,0,ستایش: دریای لطف,10,11,#795548,1,TRUE,
علوم و فنون ادبی 3,دوازدهم,انسانی,هر دو,1,فصل یکم,11,40,1,درس یکم: تاریخ ادبیات قرن‌های دوازدهم و سیزدهم (دوره بازگشت و بیداری),12,21,#795548,4,TRUE,
علوم و فنون ادبی 3,دوازدهم,انسانی,هر دو,1,فصل یکم,11,40,2,درس دوم: پایه‌های آوایی ناهمسان,22,28,#795548,4,TRUE,
علوم و فنون ادبی 3,دوازدهم,انسانی,هر دو,1,فصل یکم,11,40,3,درس سوم: مراعات نظیر، تلمیح و تضمین,29,37,#795548,4,TRUE,
علوم و فنون ادبی 3,دوازدهم,انسانی,هر دو,1,فصل یکم,11,40,4,کارگاه تحلیل فصل,38,40,#795548,4,TRUE,
علوم و فنون ادبی 3,دوازدهم,انسانی,هر دو,2,فصل دوم,41,66,1,درس چهارم: سبک‌شناسی قرن‌های دوازدهم و سیزدهم (دوره بازگشت و بیداری),42,47,#795548,4,TRUE,
علوم و فنون ادبی 3,دوازدهم,انسانی,هر دو,2,فصل دوم,41,66,2,درس پنجم: اختیارات شاعری (1): زبانی,48,56,#795548,4,TRUE,
علوم و فنون ادبی 3,دوازدهم,انسانی,هر دو,2,فصل دوم,41,66,3,درس ششم: لف و نشر، تضاد و متناقض‌نما,57,63,#795548,4,TRUE,
علوم و فنون ادبی 3,دوازدهم,انسانی,هر دو,2,فصل دوم,41,66,4,کارگاه تحلیل فصل,64,66,#795548,4,TRUE,
علوم و فنون ادبی 3,دوازدهم,انسانی,هر دو,3,فصل سوم,67,94,1,درس هفتم: تاریخ ادبیات قرن چهاردهم (دوره معاصر و انقلاب اسلامی),68,82,#795548,4,TRUE,
علوم و فنون ادبی 3,دوازدهم,انسانی,هر دو,3,فصل سوم,67,94,2,درس هشتم: اختیارات شاعری (2): وزنی,83,87,#795548,4,TRUE,
علوم و فنون ادبی 3,دوازدهم,انسانی,هر دو,3,فصل سوم,67,94,3,درس نهم: اغراق، ایهام و ایهام تناسب,88,92,#795548,4,TRUE,
علوم و فنون ادبی 3,دوازدهم,انسانی,هر دو,3,فصل سوم,67,94,4,کارگاه تحلیل فصل,93,94,#795548,4,TRUE,
علوم و فنون ادبی 3,دوازدهم,انسانی,هر دو,4,فصل چهارم,95,121,1,درس دهم: سبک‌شناسی دوره معاصر و انقلاب اسلامی,96,103,#795548,4,TRUE,
علوم و فنون ادبی 3,دوازدهم,انسانی,هر دو,4,فصل چهارم,95,121,2,درس یازدهم: وزن در شعر نیمایی,104,111,#795548,4,TRUE,
علوم و فنون ادبی 3,دوازدهم,انسانی,هر دو,4,فصل چهارم,95,121,3,درس دوازدهم: حسن تعلیل، حس‌آمیزی و اسلوب معادله,112,117,#795548,4,TRUE,
علوم و فنون ادبی 3,دوازدهم,انسانی,هر دو,4,فصل چهارم,95,121,4,کارگاه تحلیل فصل,118,121,#795548,4,TRUE,
علوم و فنون ادبی 3,دوازدهم,انسانی,هر دو,5,نیایش,122,123,1,نیایش,122,123,#795548,1,TRUE,
عربی زبان قرآن 2,یازدهم,انسانی,هر دو,1,اَلدَّرْسُ الْأَوَّلُ: مَواعِظُ قَيِّمَةٌ + اِسْمُ التَّفْضيلِ وَ اِسْمُ الْمَكانِ + حِوارٌ فِي السّوقِ,1,16,,,,,#607D8B,1,TRUE,
عربی زبان قرآن 2,یازدهم,انسانی,هر دو,2,اَلدَّرْسُ الثّاني: صِناعَةُ التَّلْميحِ فِي الْأَدَبِ الْفارِسيِّ + اِسْمُ الْفاعِلِ وَ اِسْمُ الْمَفْعولِ وَ اِسْمُ الْمُبالَغَةِ,17,30,,,,,#607D8B,1,TRUE,
عربی زبان قرآن 2,یازدهم,انسانی,هر دو,3,اَلدَّرْسُ الثّالِثُ: عَجائِبُ الْمَخْلوقاتِ + أُسْلوبُ الشَّرْطِ وَ أَدَواتُهُ + حِوارٌ فِي الْمَلْعَبِ,31,46,,,,,#607D8B,1,TRUE,
عربی زبان قرآن 2,یازدهم,انسانی,هر دو,4,اَلدَّرْسُ الرّابِعُ: تَأْثيرُ اللُّغَةِ الْفارِسيَّةِ عَلَى اللُّغَةِ الْعَرَبِيَّةِ + اَلْمَعْرِفَةُ وَ النَّکِرَةُ + تَرْجَمَةُ الْفِعْلِ الْمُضارِعِ (1),47,62,,,,,#607D8B,1,TRUE,
عربی زبان قرآن 2,یازدهم,انسانی,هر دو,5,اَلدَّرْسُ الْخامِسُ: اَلصِّدْقُ + اَلْجُمْلَةُ بَعْدَ النَّکِرَةِ + حِوارٌ: شِراءُ شَريحَةِ الْهاتِفِ الْجَوّالِ,63,74,,,,,#607D8B,1,TRUE,
عربی زبان قرآن 2,یازدهم,انسانی,هر دو,6,اَلدَّرْسُ السّادِسُ: اِرْحَموا ثَلاثاً + تَرْجَمَةُ الْفِعْلِ الْمُضارِعِ (2),75,88,,,,,#607D8B,1,TRUE,
عربی زبان قرآن 2,یازدهم,انسانی,هر دو,7,اَلدَّرْسُ السّابِعُ: لا تَقْنَطوا + مَعاني الْأَفْعالِ النّاقِصَةِ,89,100,,,,,#607D8B,1,TRUE,
عربی زبان قرآن 1,دهم,انسانی,هر دو,1,اَلدَّرْسُ الْأَوَّلُ: ذاكَ هُوَ اللّٰهُ + اَلْأَفْعالُ وَ الضَّمائِرُ وَ أَسْماءُ الْإِشارَةِ + اَلتَّعارُفُ,1,16,,,,,#607D8B,1,TRUE,
عربی زبان قرآن 1,دهم,انسانی,هر دو,2,اَلدَّرْسُ الثّاني: إنَّكُمْ مَسْؤُولونَ + اَلْأَعْدادُ مِن واحِدٍ إِلى مِئَةٍ + في مَطارِ النَّجَفِ,17,30,,,,,#607D8B,1,TRUE,
عربی زبان قرآن 1,دهم,انسانی,هر دو,3,اَلدَّرْسُ الثّالِثُ: مَطَرُ السَّمَکِ + اَلْفِعْلُ الثُّلاثِيُّ الْمُجَرَّدُ وَالْمَزيدُ (1) + في قِسْمِ الْجَوازاتِ,31,50,,,,,#607D8B,1,TRUE,
عربی زبان قرآن 1,دهم,انسانی,هر دو,4,اَلدَّرْسُ الرّابِعُ: اَلتَّعايُشُ السَّلْمِيُّ + اَلْفِعْلُ الثُّلاثِيُّ الْمَزيدُ (2) + في صالَةِ التَّفْتيشِ,51,66,,,,,#607D8B,1,TRUE,
عربی زبان قرآن 1,دهم,انسانی,هر دو,5,اَلدَّرْسُ الْخامِسُ: هٰذا خَلْقُ اللّٰهِ + اَلْجُمْلَةُ الْفِعْلِيَّةُ وَالْاِسْمِيَّةُ + مَعَ سائِقِ سَيّارَةِ الْأُجْرَةِ,67,80,,,,,#607D8B,1,TRUE,
عربی زبان قرآن 1,دهم,انسانی,هر دو,6,اَلدَّرْسُ السّادِسُ: اَلْمَعالِمُ الْخَلّابَةُ + إِعرابُ أَجزاءِ الْجُمْلَةِ الْاِسْمِيَّةِ وَالْفِعْلِيَّةِ + في الصَّيْدَلِيَّةِ,81,92,,,,,#607D8B,1,TRUE,
عربی زبان قرآن 1,دهم,انسانی,هر دو,7,اَلدَّرْسُ السّابِعُ: صِناعَةُ النَّفْطِ + اَلْفِعْلُ الْمَجْهولُ + مَعَ مَسْؤُولِ اسْتِقْبالِ الْفُنْدُقِ,93,104,,,,,#607D8B,1,TRUE,
عربی زبان قرآن 1,دهم,انسانی,هر دو,8,اَلدَّرْسُ الثّامِنُ: یا مَنْ فِي الْبِحارِ عَجائِبُهُ + اَلْجارُّ وَالْمَجْرورُ وَ نونُ الْوِقايَةِ + مَعَ مُشْرِفِ الْخَدَماتِ,105,118,,,,,#607D8B,1,TRUE,
عربی زبان قرآن 3,دوازدهم,انسانی,هر دو,1,اَلدَّرْسُ الْأَوَّلُ: مِنَ الْأَشْعارِ الْمَنْسوبَةِ إِلى الْإِمامِ عَلِيٍّ (ع) + مَعاني الْحُروفِ الْمُشَبَّهَةِ بِالْفِعْلِ وَ لاَ النّافِيَةِ لِلْجِنْسِ,1,18,,,,,#607D8B,1,TRUE,
عربی زبان قرآن 3,دوازدهم,انسانی,هر دو,2,اَلدَّرْسُ الثّاني: اَلْوَجْهُ النّافِعُ وَ الْوَجْهُ الْمُضِرُّ + اَلْحال,19,36,,,,,#607D8B,1,TRUE,
عربی زبان قرآن 3,دوازدهم,انسانی,هر دو,3,اَلدَّرْسُ الثّالِثُ: ثَلاثُ قَصَصٍ قَصيرَةٍ + اَلِاسْتِثْناء,37,52,,,,,#607D8B,1,TRUE,
عربی زبان قرآن 3,دوازدهم,انسانی,هر دو,4,اَلدَّرْسُ الرّابِعُ: نِظامُ الطَّبيعَةِ + اَلْمَفْعولُ الْمُطْلَقُ,53,70,,,,,#607D8B,1,TRUE,
عربی زبان قرآن 3,دوازدهم,انسانی,هر دو,5,اَلدَّرْسُ الْخامِسُ: يا إِلهي + أُسْلوبُ النِّداءِ,71,84,,,,,#607D8B,1,TRUE,
تاریخ 1,دهم,انسانی,هر دو,1,تاریخ‌شناسی؛ کاوش گذشته,1,28,1,درس 1: تاریخ و تاریخ‌نگاری,2,11,#9E9E9E,3,TRUE,
تاریخ 1,دهم,انسانی,هر دو,1,تاریخ‌شناسی؛ کاوش گذشته,1,28,2,درس 2: تاریخ؛ زمان و مکان,12,19,#9E9E9E,3,TRUE,
تاریخ 1,دهم,انسانی,هر دو,1,تاریخ‌شناسی؛ کاوش گذشته,1,28,3,درس 3: باستان‌شناسی؛ در جست‌وجوی میراث فرهنگی,20,28,#9E9E9E,3,TRUE,
تاریخ 1,دهم,انسانی,هر دو,2,جهان در عصر باستان؛ میراث بشری,29,60,4,درس 4: پیدایش تمدّن؛ بین‌النهرین و مصر,30,41,#9E9E9E,3,TRUE,
تاریخ 1,دهم,انسانی,هر دو,2,جهان در عصر باستان؛ میراث بشری,29,60,5,درس 5: هند و چین,42,49,#9E9E9E,3,TRUE,
تاریخ 1,دهم,انسانی,هر دو,2,جهان در عصر باستان؛ میراث بشری,29,60,6,درس 6: یونان و روم,50,60,#9E9E9E,3,TRUE,
تاریخ 1,دهم,انسانی,هر دو,3,ایران در عصر باستان؛ سرآغاز هویت ایرانی,61,152,7,درس 7: مطالعه و کاوش در گذشته‌های دور,62,69,#9E9E9E,10,TRUE,
تاریخ 1,دهم,انسانی,هر دو,3,ایران در عصر باستان؛ سرآغاز هویت ایرانی,61,152,8,درس 8: سپیده‌دم تمدن ایرانی,70,79,#9E9E9E,10,TRUE,
تاریخ 1,دهم,انسانی,هر دو,3,ایران در عصر باستان؛ سرآغاز هویت ایرانی,61,152,9,درس 9: از ورود آریا‌یی‌ها تا پایان هخامنشیان,80,89,#9E9E9E,10,TRUE,
تاریخ 1,دهم,انسانی,هر دو,3,ایران در عصر باستان؛ سرآغاز هویت ایرانی,61,152,10,درس 10: اشکانیان و ساسانیان,90,98,#9E9E9E,10,TRUE,
تاریخ 1,دهم,انسانی,هر دو,3,ایران در عصر باستان؛ سرآغاز هویت ایرانی,61,152,11,درس 11: آیین کشوردارى,99,108,#9E9E9E,10,TRUE,
تاریخ 1,دهم,انسانی,هر دو,3,ایران در عصر باستان؛ سرآغاز هویت ایرانی,61,152,12,درس 12: جامعه و خانواده,109,117,#9E9E9E,10,TRUE,
تاریخ 1,دهم,انسانی,هر دو,3,ایران در عصر باستان؛ سرآغاز هویت ایرانی,61,152,13,درس 13: اقتصاد و معیشت,118,127,#9E9E9E,10,TRUE,
تاریخ 1,دهم,انسانی,هر دو,3,ایران در عصر باستان؛ سرآغاز هویت ایرانی,61,152,14,درس 14: دین و اعتقادات,128,135,#9E9E9E,10,TRUE,
تاریخ 1,دهم,انسانی,هر دو,3,ایران در عصر باستان؛ سرآغاز هویت ایرانی,61,152,15,درس 15: زبان، علم و آموزش,136,142,#9E9E9E,10,TRUE,
تاریخ 1,دهم,انسانی,هر دو,3,ایران در عصر باستان؛ سرآغاز هویت ایرانی,61,152,16,درس 16: هنر و معماری,143,152,#9E9E9E,10,TRUE,
تاریخ 2,یازدهم,انسانی,هر دو,1,تاریخ‌شناسی,1,18,1,درس 1—منابع پژوهش در تاریخ اسلام و ایرانِ دوران اسلامی,2,12,#9E9E9E,2,TRUE,
تاریخ 2,یازدهم,انسانی,هر دو,1,تاریخ‌شناسی,1,18,2,درس 2—روش پژوهش در تاریخ؛ بررسی و سنجش اعتبار شواهد و مدارک,13,18,#9E9E9E,2,TRUE,
تاریخ 2,یازدهم,انسانی,هر دو,2,ظهور اسلام، حرکتی تازه در تاریخ بشر,19,78,3,درس 3—اسلام در مکه,20,29,#9E9E9E,5,TRUE,
تاریخ 2,یازدهم,انسانی,هر دو,2,ظهور اسلام، حرکتی تازه در تاریخ بشر,19,78,4,درس 4—امت و حکومت نبوی در مدینه,30,41,#9E9E9E,5,TRUE,
تاریخ 2,یازدهم,انسانی,هر دو,2,ظهور اسلام، حرکتی تازه در تاریخ بشر,19,78,5,درس 5—تثبیت و گسترش اسلام در دوران خلفای نخستین,42,52,#9E9E9E,5,TRUE,
تاریخ 2,یازدهم,انسانی,هر دو,2,ظهور اسلام، حرکتی تازه در تاریخ بشر,19,78,6,درس 6—امویان بر مسند قدرت,53,65,#9E9E9E,5,TRUE,
تاریخ 2,یازدهم,انسانی,هر دو,2,ظهور اسلام، حرکتی تازه در تاریخ بشر,19,78,7,درس 7—جهانِ اسلام در عصر خلافت عباسی,66,78,#9E9E9E,5,TRUE,
تاریخ 2,یازدهم,انسانی,هر دو,3,ایران؛ از ورود اسلام تا پایان صفویه,79,158,8,درس 8—اسلام در ایران؛ زمینه‌های ظهور تمدن اسلامی—ایرانی,80,88,#9E9E9E,7,TRUE,
تاریخ 2,یازدهم,انسانی,هر دو,3,ایران؛ از ورود اسلام تا پایان صفویه,79,158,9,درس 9—ظهور و گسترش تمدن ایرانی—اسلامی,89,100,#9E9E9E,7,TRUE,
تاریخ 2,یازدهم,انسانی,هر دو,3,ایران؛ از ورود اسلام تا پایان صفویه,79,158,10,درس 10—ایران در دوران غزنوی، سلجوقی و خوارزمشاهی,101,113,#9E9E9E,7,TRUE,
تاریخ 2,یازدهم,انسانی,هر دو,3,ایران؛ از ورود اسلام تا پایان صفویه,79,158,11,درس 11—حکومت، جامعه و اقتصاد در عصر مغول — تیموری,114,124,#9E9E9E,7,TRUE,
تاریخ 2,یازدهم,انسانی,هر دو,3,ایران؛ از ورود اسلام تا پایان صفویه,79,158,12,درس 12—فرهنگ و هنر در عصر مغول — تیموری,125,134,#9E9E9E,7,TRUE,
تاریخ 2,یازدهم,انسانی,هر دو,3,ایران؛ از ورود اسلام تا پایان صفویه,79,158,13,درس 13—تحولات سیاسی و اقتصادی ایران در دورهٔ صفوی,135,147,#9E9E9E,7,TRUE,
تاریخ 2,یازدهم,انسانی,هر دو,3,ایران؛ از ورود اسلام تا پایان صفویه,79,158,14,درس 14—فرهنگ و تمدن در عصر صفوی,148,158,#9E9E9E,7,TRUE,
تاریخ 2,یازدهم,انسانی,هر دو,4,اروپا در قرون وسطا و عصر جدید,159,186,15,درس 15—قرون وسطا,160,172,#9E9E9E,2,TRUE,
تاریخ 2,یازدهم,انسانی,هر دو,4,اروپا در قرون وسطا و عصر جدید,159,186,16,درس 16—رنسانس و عصر جدید,173,186,#9E9E9E,2,TRUE,
تاریخ 3,دوازدهم,انسانی,هر دو,1,درس 1—تاریخ‌نگاری و منابع دورهٔ معاصر,1,15,,,,,#9E9E9E,1,TRUE,
تاریخ 3,دوازدهم,انسانی,هر دو,2,درس 2—ایران و جهان در آستانهٔ دورهٔ معاصر,16,31,,,,,#9E9E9E,1,TRUE,
تاریخ 3,دوازدهم,انسانی,هر دو,3,درس 3—سیاست و حکومت در عصر قاجار (از آغاز تا پایان سلطنت ناصرالدین‌شاه),32,46,,,,,#9E9E9E,1,TRUE,
تاریخ 3,دوازدهم,انسانی,هر دو,4,درس 4—اوضاع اجتماعی، اقتصادی و فرهنگی عصر قاجار,47,60,,,,,#9E9E9E,1,TRUE,
تاریخ 3,دوازدهم,انسانی,هر دو,5,درس 5—نهضت مشروطهٔ ایران,61,77,,,,,#9E9E9E,1,TRUE,
تاریخ 3,دوازدهم,انسانی,هر دو,6,درس 6—جنگ جهانی اول و ایران,78,91,,,,,#9E9E9E,1,TRUE,
تاریخ 3,دوازدهم,انسانی,هر دو,7,درس 7—ایران در دورهٔ حکومت رضا‌شاه,92,98,,,,,#9E9E9E,1,TRUE,
تاریخ 3,دوازدهم,انسانی,هر دو,8,درس 8—جنگ جهانی دوم و جهانِ پس از آن,99,116,,,,,#9E9E9E,1,TRUE,
تاریخ 3,دوازدهم,انسانی,هر دو,9,درس 9—نهضت ملی شدن صنعت نفت ایران,117,127,,,,,#9E9E9E,1,TRUE,
تاریخ 3,دوازدهم,انسانی,هر دو,10,درس 10—انقلاب اسلامی,128,141,,,,,#9E9E9E,1,TRUE,
تاریخ 3,دوازدهم,انسانی,هر دو,11,درس 11—استقرار و تثبیت نظام جمهوری اسلامی,142,152,,,,,#9E9E9E,1,TRUE,
تاریخ 3,دوازدهم,انسانی,هر دو,12,درس 12—جنگ تحمیلی و دفاع مقدس,153,163,,,,,#9E9E9E,1,TRUE,
جغرافیای 1,دهم,انسانی,هر دو,1,جغرافیا چیست؟,1,13,1,درس اوّل: جغرافیا، علمی برای زندگی بهتر,2,7,#673AB7,2,TRUE,
جغرافیای 1,دهم,انسانی,هر دو,1,جغرافیا چیست؟,1,13,2,درس دوم: روش مطالعه و پژوهش در جغرافیا,8,13,#673AB7,2,TRUE,
جغرافیای 1,دهم,انسانی,هر دو,2,جغرافیای طبیعی ایران,14,63,3,درس سوم: موقعیت جغرافیایی ایران,14,21,#673AB7,4,TRUE,
جغرافیای 1,دهم,انسانی,هر دو,2,جغرافیای طبیعی ایران,14,63,4,درس چهارم: ناهمواری‌های ایران,22,33,#673AB7,4,TRUE,
جغرافیای 1,دهم,انسانی,هر دو,2,جغرافیای طبیعی ایران,14,63,5,درس پنجم: آب و هوای ایران,34,46,#673AB7,4,TRUE,
جغرافیای 1,دهم,انسانی,هر دو,2,جغرافیای طبیعی ایران,14,63,6,درس ششم: منابع آب ایران,47,63,#673AB7,4,TRUE,
جغرافیای 1,دهم,انسانی,هر دو,3,جغرافیای انسانی ایران,64,108,7,درس هفتم: ویژگی‌های جمعیت ایران,64,76,#673AB7,4,TRUE,
جغرافیای 1,دهم,انسانی,هر دو,3,جغرافیای انسانی ایران,64,108,8,درس هشتم: تقسیمات کشوری ایران,77,82,#673AB7,4,TRUE,
جغرافیای 1,دهم,انسانی,هر دو,3,جغرافیای انسانی ایران,64,108,9,درس نهم: سکونتگاه‌های ایران,83,93,#673AB7,4,TRUE,
جغرافیای 1,دهم,انسانی,هر دو,3,جغرافیای انسانی ایران,64,108,10,درس دهم: توان‌های اقتصادی ایران,94,108,#673AB7,4,TRUE,
جغرافیای 2,یازدهم,انسانی,هر دو,1,فصل 1 : ناحیه چیست,1,18,1,درس 1— معنا و مفهوم ناحیه,2,10,#673AB7,2,TRUE,
جغرافیای 2,یازدهم,انسانی,هر دو,1,فصل 1 : ناحیه چیست,1,18,2,درس 2— انسان و ناحیه,11,18,#673AB7,2,TRUE,
جغرافیای 2,یازدهم,انسانی,هر دو,2,فصل 2 : نواحی طبیعی,19,64,3,درس 3— نواحی آب و هوایی,20,36,#673AB7,3,TRUE,
جغرافیای 2,یازدهم,انسانی,هر دو,2,فصل 2 : نواحی طبیعی,19,64,4,درس 4— ناهمواری‌ها و اشکال زمین,37,52,#673AB7,3,TRUE,
جغرافیای 2,یازدهم,انسانی,هر دو,2,فصل 2 : نواحی طبیعی,19,64,5,درس 5— نواحی زیستی,53,64,#673AB7,3,TRUE,
جغرافیای 2,یازدهم,انسانی,هر دو,3,فصل 3 : نواحی انسانی,67,112,6,درس 6— نواحی فرهنگی,68,82,#673AB7,3,TRUE,
جغرافیای 2,یازدهم,انسانی,هر دو,3,فصل 3 : نواحی انسانی,67,112,7,درس 7— نواحی اقتصادی (کشاورزی و صنعت),83,98,#673AB7,3,TRUE,
جغرافیای 2,یازدهم,انسانی,هر دو,3,فصل 3 : نواحی انسانی,67,112,8,درس 8— نواحی اقتصادی (تجارت و اقتصاد جهانی),99,112,#673AB7,3,TRUE,
جغرافیای 2,یازدهم,انسانی,هر دو,4,فصل 4 : نواحی سیاسی,115,153,9,درس 9— معنا و مفهوم ناحیهٔ سیاسی,116,126,#673AB7,3,TRUE,
جغرافیای 2,یازدهم,انسانی,هر دو,4,فصل 4 : نواحی سیاسی,115,153,10,درس 10— کشور، یک ناحیهٔ سیاسی,127,141,#673AB7,3,TRUE,
جغرافیای 2,یازدهم,انسانی,هر دو,4,فصل 4 : نواحی سیاسی,115,153,11,درس 11— ژئوپلیتیک,142,153,#673AB7,3,TRUE,
جغرافیای 3,دوازدهم,انسانی,هر دو,1,فصل اول : جغرافیای سکونتگاه ها,1,41,1,درس 1— شهرها و روستاها,2,20,#673AB7,2,TRUE,
جغرافیای 3,دوازدهم,انسانی,هر دو,1,فصل اول : جغرافیای سکونتگاه ها,1,41,2,درس 2— مدیریت شهر و روستا,21,37,#673AB7,2,TRUE,
جغرافیای 3,دوازدهم,انسانی,هر دو,1,فصل اول : جغرافیای سکونتگاه ها,1,41,3,فنون و مهارت‌های جغرافیایی 1,38,41,#673AB7,2,TRUE,
جغرافیای 3,دوازدهم,انسانی,هر دو,2,فصل دوم : جغرافیای حمل و نقل,42,81,3,درس 3— ویژگی ها و انواع شیوه های حمل و نقل,42,58,#673AB7,2,TRUE,
جغرافیای 3,دوازدهم,انسانی,هر دو,2,فصل دوم : جغرافیای حمل و نقل,42,81,4,درس 4— مدیریت حمل و نقل,59,72,#673AB7,2,TRUE,
جغرافیای 3,دوازدهم,انسانی,هر دو,2,فصل دوم : جغرافیای حمل و نقل,42,81,5,فنون و مهارت‌های جغرافیایی 2,73,81,#673AB7,2,TRUE,
جغرافیای 3,دوازدهم,انسانی,هر دو,3,فصل سوم : مخاطرات طبیعی,82,120,5,درس 5— ویژگی‌ها و انواع مخاطرات طبیعی,82,99,#673AB7,2,TRUE,
جغرافیای 3,دوازدهم,انسانی,هر دو,3,فصل سوم : مخاطرات طبیعی,82,120,6,درس 6— مدیریت مخاطرات طبیعی,100,110,#673AB7,2,TRUE,
جغرافیای 3,دوازدهم,انسانی,هر دو,3,فصل سوم : مخاطرات طبیعی,82,120,7,فنون و مهارت‌های جغرافیایی 3,111,120,#673AB7,2,TRUE,
روانشناسی,یازدهم,انسانی,هر دو,1,درس اول: روان‌شناسی: تعریف و روش مورد مطالعه,1,33,,,,,#03A9F4,1,TRUE,
روانشناسی,یازدهم,انسانی,هر دو,2,درس دوم: روان‌شناسی رشد,34,65,,,,,#03A9F4,1,TRUE,
روانشناسی,یازدهم,انسانی,هر دو,3,درس سوم: احساس، توجه، ادراک,66,87,,,,,#03A9F4,1,TRUE,
روانشناسی,یازدهم,انسانی,هر دو,4,درس چهارم: حافظه و علل فراموشی,88,111,,,,,#03A9F4,1,TRUE,
روانشناسی,یازدهم,انسانی,هر دو,5,درس پنجم: تفکر (1) حل مسئله,112,133,,,,,#03A9F4,1,TRUE,
روانشناسی,یازدهم,انسانی,هر دو,6,درس ششم: تفکر (2) تصمیم‌گیری,134,157,,,,,#03A9F4,1,TRUE,
روانشناسی,یازدهم,انسانی,هر دو,7,درس هفتم: انگیزه و نگرش,158,185,,,,,#03A9F4,1,TRUE,
روانشناسی,یازدهم,انسانی,هر دو,8,درس هشتم: روان‌شناسی سلامت,186,206,,,,,#03A9F4,1,TRUE,
منطق,دهم,انسانی,هر دو,1,بخش نخست | منطق و مباحث آن,1,10,1,درس نخست: منطق، ترازوی اندیشه,3,10,#FFEB3B,1,TRUE,
منطق,دهم,انسانی,هر دو,2,بخش دوم | روابط میان ذهن، زبان و خارج,11,26,2,درس دوم: لفظ و معنا,13,19,#FFEB3B,2,TRUE,
منطق,دهم,انسانی,هر دو,2,بخش دوم | روابط میان ذهن، زبان و خارج,11,26,3,درس سوم: مفهوم و مصداق,20,26,#FFEB3B,2,TRUE,
منطق,دهم,انسانی,هر دو,3,بخش سوم | تعریف,27,38,4,درس چهارم: اقسام و شرایط تعریف,29,38,#FFEB3B,1,TRUE,
منطق,دهم,انسانی,هر دو,4,بخش چهارم | استدلال استقرایی,39,52,5,درس پنجم: اقسام استدلال استقرایی,41,52,#FFEB3B,1,TRUE,
منطق,دهم,انسانی,هر دو,5,بخش پنجم | قضیهٔ حملى و قیاس اقترانی,53,82,6,درس ششم: قضیهٔ حملى,55,61,#FFEB3B,3,TRUE,
منطق,دهم,انسانی,هر دو,5,بخش پنجم | قضیهٔ حملى و قیاس اقترانی,53,82,7,درس هفتم: احکام قضایا,62,71,#FFEB3B,3,TRUE,
منطق,دهم,انسانی,هر دو,5,بخش پنجم | قضیهٔ حملى و قیاس اقترانی,53,82,8,درس هشتم: قیاس اقترانی,72,82,#FFEB3B,3,TRUE,
منطق,دهم,انسانی,هر دو,6,بخش ششم | قضیهٔ شرطی و قیاس استثنایی,83,96,9,درس نهم: قضیهٔ شرطی و قیاس استثنایی,85,96,#FFEB3B,1,TRUE,
منطق,دهم,انسانی,هر دو,7,بخش هفتم | منطق کاربردی,97,108,10,درس دهم: سنجش‌گری در تفکر,99,108,#FFEB3B,1,TRUE,
فلسفه 2,دوازدهم,انسانی,هر دو,1,بخش 1 پیرامون واقعیت و هستی,1,28,1,درس 1: هستی و چیستی,2,7,#4E342E,4,TRUE,
فلسفه 2,دوازدهم,انسانی,هر دو,1,بخش 1 پیرامون واقعیت و هستی,1,28,2,درس 2: جهان ممکنات,8,12,#4E342E,4,TRUE,
فلسفه 2,دوازدهم,انسانی,هر دو,1,بخش 1 پیرامون واقعیت و هستی,1,28,3,درس 3: جهان علّی و معلولی,13,21,#4E342E,4,TRUE,
فلسفه 2,دوازدهم,انسانی,هر دو,1,بخش 1 پیرامون واقعیت و هستی,1,28,4,درس 4: کدام تصویر از جهان؟,22,28,#4E342E,4,TRUE,
فلسفه 2,دوازدهم,انسانی,هر دو,2,بخش 2 پیرامون خدا و عقل,29,68,5,درس 5: خدا در فلسفه ـ قسمت اول,30,40,#4E342E,4,TRUE,
فلسفه 2,دوازدهم,انسانی,هر دو,2,بخش 2 پیرامون خدا و عقل,29,68,6,درس 6: خدا در فلسفه ـ قسمت دوم,41,51,#4E342E,4,TRUE,
فلسفه 2,دوازدهم,انسانی,هر دو,2,بخش 2 پیرامون خدا و عقل,29,68,7,درس 7: عقل در فلسفه ـ قسمت اول,52,58,#4E342E,4,TRUE,
فلسفه 2,دوازدهم,انسانی,هر دو,2,بخش 2 پیرامون خدا و عقل,29,68,8,درس 8: عقل در فلسفه ـ قسمت دوم,59,68,#4E342E,4,TRUE,
فلسفه 2,دوازدهم,انسانی,هر دو,3,بخش 3 نگاهی اجمالی به سیر فلسفه در جهان اسلام,69,104,9,درس 9: آغاز فلسفه در جهان اسلام,70,77,#4E342E,4,TRUE,
فلسفه 2,دوازدهم,انسانی,هر دو,3,بخش 3 نگاهی اجمالی به سیر فلسفه در جهان اسلام,69,104,10,درس 10: دورهٔ میانی,78,86,#4E342E,4,TRUE,
فلسفه 2,دوازدهم,انسانی,هر دو,3,بخش 3 نگاهی اجمالی به سیر فلسفه در جهان اسلام,69,104,11,درس 11: دوران متأخّر,87,96,#4E342E,4,TRUE,
فلسفه 2,دوازدهم,انسانی,هر دو,3,بخش 3 نگاهی اجمالی به سیر فلسفه در جهان اسلام,69,104,12,درس 12: حکمت معاصر,97,104,#4E342E,4,TRUE,
فلسفه 1,یازدهم,انسانی,هر دو,1,فصل 1: فلسفه و ابعاد آن,1,42,1,درس 1: چیستی فلسفه,2,11,#4E342E,5,TRUE,
فلسفه 1,یازدهم,انسانی,هر دو,1,فصل 1: فلسفه و ابعاد آن,1,42,2,درس 2: ریشه و شاخه‌های فلسفه,12,18,#4E342E,5,TRUE,
فلسفه 1,یازدهم,انسانی,هر دو,1,فصل 1: فلسفه و ابعاد آن,1,42,3,درس 3: فلسفه و زندگی,19,27,#4E342E,5,TRUE,
فلسفه 1,یازدهم,انسانی,هر دو,1,فصل 1: فلسفه و ابعاد آن,1,42,4,درس 4: آغاز تاریخی فلسفه,28,35,#4E342E,5,TRUE,
فلسفه 1,یازدهم,انسانی,هر دو,1,فصل 1: فلسفه و ابعاد آن,1,42,5,درس 5: زندگی بر اساس اندیشه,36,42,#4E342E,5,TRUE,
فلسفه 1,یازدهم,انسانی,هر دو,2,فصل 2: معرفت و شناخت,43,68,6,درس 6: امکان شناخت,44,49,#4E342E,3,TRUE,
فلسفه 1,یازدهم,انسانی,هر دو,2,فصل 2: معرفت و شناخت,43,68,7,درس 7: ابزارهای شناخت,50,57,#4E342E,3,TRUE,
فلسفه 1,یازدهم,انسانی,هر دو,2,فصل 2: معرفت و شناخت,43,68,8,درس 8: نگاهی به تاریخچه معرفت,58,68,#4E342E,3,TRUE,
فلسفه 1,یازدهم,انسانی,هر دو,3,فصل 3: انسان,69,93,9,درس 9: چیستی انسان (1),70,75,#4E342E,3,TRUE,
فلسفه 1,یازدهم,انسانی,هر دو,3,فصل 3: انسان,69,93,10,درس 10: چیستی انسان (2),76,82,#4E342E,3,TRUE,
فلسفه 1,یازدهم,انسانی,هر دو,3,فصل 3: انسان,69,93,11,درس 11: انسان، موجود اخلاق‌گرا,83,93,#4E342E,3,TRUE,
جامعه‌شناسی 3,دوازدهم,انسانی,هر دو,1,درس اوّل: ذخیرهٔ دانشی,1,9,,,,,#C2185B,1,TRUE,
جامعه‌شناسی 3,دوازدهم,انسانی,هر دو,2,درس دوم: علوم اجتماعی,10,18,,,,,#C2185B,1,TRUE,
جامعه‌شناسی 3,دوازدهم,انسانی,هر دو,3,درس سوم: نظم اجتماعی,19,31,,,,,#C2185B,1,TRUE,
جامعه‌شناسی 3,دوازدهم,انسانی,هر دو,4,درس چهارم: کنش اجتماعی,32,41,,,,,#C2185B,1,TRUE,
جامعه‌شناسی 3,دوازدهم,انسانی,هر دو,5,درس پنجم: معنای زندگی,42,53,,,,,#C2185B,1,TRUE,
جامعه‌شناسی 3,دوازدهم,انسانی,هر دو,6,درس ششم: قدرت اجتماعی,54,68,,,,,#C2185B,1,TRUE,
جامعه‌شناسی 3,دوازدهم,انسانی,هر دو,7,درس هفتم: نابرابری اجتماعی,69,81,,,,,#C2185B,1,TRUE,
جامعه‌شناسی 3,دوازدهم,انسانی,هر دو,8,درس هشتم: سیاستِ هویت,82,92,,,,,#C2185B,1,TRUE,
جامعه‌شناسی 3,دوازدهم,انسانی,هر دو,9,درس نهم: پیشینهٔ علوم اجتماعی در جهان اسلام,93,104,,,,,#C2185B,1,TRUE,
جامعه‌شناسی 3,دوازدهم,انسانی,هر دو,10,درس دهم: افق علوم اجتماعی در جهان اسلام,105,115,,,,,#C2185B,1,TRUE,
جامعه‌شناسی 2,یازدهم,انسانی,هر دو,1,فصل اوّل: فرهنگ جهانی,1,34,1,درس اوّل: جهان فرهنگی,3,10,#C2185B,4,TRUE,
جامعه‌شناسی 2,یازدهم,انسانی,هر دو,1,فصل اوّل: فرهنگ جهانی,1,34,2,درس دوم: فرهنگ جهانی,11,18,#C2185B,4,TRUE,
جامعه‌شناسی 2,یازدهم,انسانی,هر دو,1,فصل اوّل: فرهنگ جهانی,1,34,3,درس سوم: نمونه‌های فرهنگ جهانی 1,19,26,#C2185B,4,TRUE,
جامعه‌شناسی 2,یازدهم,انسانی,هر دو,1,فصل اوّل: فرهنگ جهانی,1,34,4,درس چهارم: نمونه‌های فرهنگ جهانی 2,27,34,#C2185B,4,TRUE,
جامعه‌شناسی 2,یازدهم,انسانی,هر دو,2,فصل دوم: فرهنگ معاصر غرب و نظام نوین جهانی,35,72,5,درس پنجم: باورها و ارزش‌های بنیادین فرهنگ غرب,37,44,#C2185B,4,TRUE,
جامعه‌شناسی 2,یازدهم,انسانی,هر دو,2,فصل دوم: فرهنگ معاصر غرب و نظام نوین جهانی,35,72,6,درس ششم: چگونگی تکوین فرهنگ معاصر غرب,45,54,#C2185B,4,TRUE,
جامعه‌شناسی 2,یازدهم,انسانی,هر دو,2,فصل دوم: فرهنگ معاصر غرب و نظام نوین جهانی,35,72,7,درس هفتم: جامعهٔ جهانی,55,63,#C2185B,4,TRUE,
جامعه‌شناسی 2,یازدهم,انسانی,هر دو,2,فصل دوم: فرهنگ معاصر غرب و نظام نوین جهانی,35,72,8,درس هشتم: تحولات نظام جهانی,64,72,#C2185B,4,TRUE,
جامعه‌شناسی 2,یازدهم,انسانی,هر دو,3,فصل سوم: چالش‌های جهانی,73,104,9,درس نهم: جهان دو قطبی,75,82,#C2185B,4,TRUE,
جامعه‌شناسی 2,یازدهم,انسانی,هر دو,3,فصل سوم: چالش‌های جهانی,73,104,10,درس دهم: جنگ‌ها و تقابل‌های جهانی,83,90,#C2185B,4,TRUE,
جامعه‌شناسی 2,یازدهم,انسانی,هر دو,3,فصل سوم: چالش‌های جهانی,73,104,11,درس یازدهم: بحران‌های اقتصادی و زیست محیطی,91,97,#C2185B,4,TRUE,
جامعه‌شناسی 2,یازدهم,انسانی,هر دو,3,فصل سوم: چالش‌های جهانی,73,104,12,درس دوازدهم: بحران‌های معرفتی و معنوی,98,104,#C2185B,4,TRUE,
جامعه‌شناسی 2,یازدهم,انسانی,هر دو,4,فصل چهارم: بیداری اسلامی و جهان جدید,105,136,13,درس سیزدهم: سرآغاز بیداری اسلامی,107,114,#C2185B,3,TRUE,
جامعه‌شناسی 2,یازدهم,انسانی,هر دو,4,فصل چهارم: بیداری اسلامی و جهان جدید,105,136,14,درس چهاردهم: انقلاب اسلامی ایران، نقطهٔ عطف بیداری اسلامی,115,123,#C2185B,3,TRUE,
جامعه‌شناسی 2,یازدهم,انسانی,هر دو,4,فصل چهارم: بیداری اسلامی و جهان جدید,105,136,15,درس پانزدهم: افق بیداری اسلامی,124,136,#C2185B,3,TRUE,
جامعه‌شناسی 1,دهم,انسانی,هر دو,1,درس اوّل: کُنُش‌های ما,1,9,1,درس اوّل: کُنُش‌های ما,3,9,#C2185B,1,TRUE,
جامعه‌شناسی 1,دهم,انسانی,هر دو,2,درس دوم: پدیده‌های اجتماعی,10,20,1,درس دوم: پدیده‌های اجتماعی,10,20,#C2185B,1,TRUE,
جامعه‌شناسی 1,دهم,انسانی,هر دو,3,درس سوم: جهان اجتماعی,21,28,1,درس سوم: جهان اجتماعی,21,28,#C2185B,1,TRUE,
جامعه‌شناسی 1,دهم,انسانی,هر دو,4,درس چهارم: اجزا و لایه‌های جهان اجتماعی,29,37,1,درس چهارم: اجزا و لایه‌های جهان اجتماعی,29,37,#C2185B,1,TRUE,
جامعه‌شناسی 1,دهم,انسانی,هر دو,5,درس پنجم: جهان‌های اجتماعی,38,44,1,درس پنجم: جهان‌های اجتماعی,38,44,#C2185B,1,TRUE,
جامعه‌شناسی 1,دهم,انسانی,هر دو,6,درس ششم: پیامدهای جهان اجتماعی,45,54,1,درس ششم: پیامدهای جهان اجتماعی,45,54,#C2185B,1,TRUE,
جامعه‌شناسی 1,دهم,انسانی,هر دو,7,درس هفتم: ارزیابی جهان‌های اجتماعی,55,66,1,درس هفتم: ارزیابی جهان‌های اجتماعی,55,66,#C2185B,1,TRUE,
جامعه‌شناسی 1,دهم,انسانی,هر دو,8,درس هشتم: هویت,67,78,1,درس هشتم: هویت,67,78,#C2185B,1,TRUE,
جامعه‌شناسی 1,دهم,انسانی,هر دو,9,درس نهم: بازتولید هویت اجتماعی,79,85,1,درس نهم: بازتولید هویت اجتماعی,79,85,#C2185B,1,TRUE,
جامعه‌شناسی 1,دهم,انسانی,هر دو,10,درس دهم: تغییرات هویت اجتماعی,86,92,1,درس دهم: تغییرات هویت اجتماعی,86,92,#C2185B,1,TRUE,
جامعه‌شناسی 1,دهم,انسانی,هر دو,11,درس یازدهم: تحولات هویتی جهان اجتماعی (علل درونی),93,99,1,درس یازدهم: تحولات هویتی جهان اجتماعی (علل درونی),93,99,#C2185B,1,TRUE,
جامعه‌شناسی 1,دهم,انسانی,هر دو,12,درس دوازدهم: تحولات هویتی جهان اجتماعی (علل بیرونی),100,107,1,درس دوازدهم: تحولات هویتی جهان اجتماعی (علل بیرونی),100,107,#C2185B,1,TRUE,
جامعه‌شناسی 1,دهم,انسانی,هر دو,13,درس سیزدهم: هویت ایرانی (1),108,115,1,درس سیزدهم: هویت ایرانی (1),108,115,#C2185B,1,TRUE,
جامعه‌شناسی 1,دهم,انسانی,هر دو,14,درس چهاردهم: هویت ایرانی (2),116,122,1,درس چهاردهم: هویت ایرانی (2),116,122,#C2185B,1,TRUE,
جامعه‌شناسی 1,دهم,انسانی,هر دو,15,درس پانزدهم: هویت ایرانی (3),123,131,1,درس پانزدهم: هویت ایرانی (3),123,131,#C2185B,1,TRUE,
جامعه‌شناسی 1,دهم,انسانی,هر دو,16,درس شانزدهم: هویت ایرانی (4),132,142,1,درس شانزدهم: هویت ایرانی (4),132,142,#C2185B,1,TRUE,
دین و زندگی 3,دوازدهم,تجربی,نهایی,1,بخش اوّل: تفکر و اندیشه,2,75,1,درس اوّل: هستی‌بخش,6,17,#3F51B5,6,TRUE,
دین و زندگی 3,دوازدهم,تجربی,نهایی,1,بخش اوّل: تفکر و اندیشه,2,75,2,درس دوم: یگانهٔ بی‌همتا,18,29,#3F51B5,6,TRUE,
دین و زندگی 3,دوازدهم,تجربی,نهایی,1,بخش اوّل: تفکر و اندیشه,2,75,3,درس سوم: توحید و سبک زندگی,30,41,#3F51B5,6,TRUE,
دین و زندگی 3,دوازدهم,تجربی,نهایی,1,بخش اوّل: تفکر و اندیشه,2,75,4,درس چهارم: فقط برای تو,42,51,#3F51B5,6,TRUE,
دین و زندگی 3,دوازدهم,تجربی,نهایی,1,بخش اوّل: تفکر و اندیشه,2,75,5,درس پنجم: قدرت پرواز,52,63,#3F51B5,6,TRUE,
دین و زندگی 3,دوازدهم,تجربی,نهایی,1,بخش اوّل: تفکر و اندیشه,2,75,6,درس ششم: سنت‌های خداوند در زندگی,64,75,#3F51B5,6,TRUE,
دین و زندگی 3,دوازدهم,تجربی,نهایی,2,بخش دوم: در مسیر,76,140,7,درس هفتم: بازگشت,80,93,#3F51B5,4,TRUE,
دین و زندگی 3,دوازدهم,تجربی,نهایی,2,بخش دوم: در مسیر,76,140,8,درس هشتم: زندگی در دنیای امروز و عمل به احکام الهی,94,107,#3F51B5,4,TRUE,
دین و زندگی 3,دوازدهم,تجربی,نهایی,2,بخش دوم: در مسیر,76,140,9,درس نهـم: پایه‌های استوار,108,125,#3F51B5,4,TRUE,
دین و زندگی 3,دوازدهم,تجربی,نهایی,2,بخش دوم: در مسیر,76,140,10,درس دهم: تمدن جدید و مسئولیت ما,126,140,#3F51B5,4,TRUE,
دین و زندگی 3,دوازدهم,ریاضی,نهایی,1,بخش اوّل: تفکر و اندیشه,2,75,1,درس اوّل: هستی‌بخش,6,17,#3F51B5,6,TRUE,
دین و زندگی 3,دوازدهم,ریاضی,نهایی,1,بخش اوّل: تفکر و اندیشه,2,75,2,درس دوم: یگانهٔ بی‌همتا,18,29,#3F51B5,6,TRUE,
دین و زندگی 3,دوازدهم,ریاضی,نهایی,1,بخش اوّل: تفکر و اندیشه,2,75,3,درس سوم: توحید و سبک زندگی,30,41,#3F51B5,6,TRUE,
دین و زندگی 3,دوازدهم,ریاضی,نهایی,1,بخش اوّل: تفکر و اندیشه,2,75,4,درس چهارم: فقط برای تو,42,51,#3F51B5,6,TRUE,
دین و زندگی 3,دوازدهم,ریاضی,نهایی,1,بخش اوّل: تفکر و اندیشه,2,75,5,درس پنجم: قدرت پرواز,52,63,#3F51B5,6,TRUE,
دین و زندگی 3,دوازدهم,ریاضی,نهایی,1,بخش اوّل: تفکر و اندیشه,2,75,6,درس ششم: سنت‌های خداوند در زندگی,64,75,#3F51B5,6,TRUE,
دین و زندگی 3,دوازدهم,ریاضی,نهایی,2,بخش دوم: در مسیر,76,140,7,درس هفتم: بازگشت,80,93,#3F51B5,4,TRUE,
دین و زندگی 3,دوازدهم,ریاضی,نهایی,2,بخش دوم: در مسیر,76,140,8,درس هشتم: زندگی در دنیای امروز و عمل به احکام الهی,94,107,#3F51B5,4,TRUE,
دین و زندگی 3,دوازدهم,ریاضی,نهایی,2,بخش دوم: در مسیر,76,140,9,درس نهـم: پایه‌های استوار,108,125,#3F51B5,4,TRUE,
دین و زندگی 3,دوازدهم,ریاضی,نهایی,2,بخش دوم: در مسیر,76,140,10,درس دهم: تمدن جدید و مسئولیت ما,126,140,#3F51B5,4,TRUE,
فارسی 3,دوازدهم,تجربی,نهایی,0,ستایش,10,10,0,ستایش: ملکا، ذکر تو گویم,10,10,#1976D2,0,TRUE,
فارسی 3,دوازدهم,تجربی,نهایی,1,فصل یکم: ادبیات تعلیمی,11,24,1,درس یکم: شکرِ نعمت,12,18,#1976D2,2,TRUE,
فارسی 3,دوازدهم,تجربی,نهایی,1,فصل یکم: ادبیات تعلیمی,11,24,2,درس دوم: مست و هُشیار,19,24,#1976D2,2,TRUE,
فارسی 3,دوازدهم,تجربی,نهایی,2,فصل دوم: ادبیات پایداری,25,46,3,درس سوم: آزادی,26,31,#1976D2,3,TRUE,
فارسی 3,دوازدهم,تجربی,نهایی,2,فصل دوم: ادبیات پایداری,25,46,4,درس چهارم: درس آزاد (ادبیات بومی 1),32,35,#1976D2,3,TRUE,
فارسی 3,دوازدهم,تجربی,نهایی,2,فصل دوم: ادبیات پایداری,25,46,5,درس پنجم: دماوندیه,36,46,#1976D2,3,TRUE,
فارسی 3,دوازدهم,تجربی,نهایی,3,فصل سوم: ادبیات غنایی,47,60,6,درس ششم: نی‌نامه,48,53,#1976D2,2,TRUE,
فارسی 3,دوازدهم,تجربی,نهایی,3,فصل سوم: ادبیات غنایی,47,60,7,درس هفتم: در حقیقت عشق,54,60,#1976D2,2,TRUE,
فارسی 3,دوازدهم,تجربی,نهایی,4,فصل چهارم: ادبیات سفر و زندگی,61,84,8,درس هشتم: از پاریز تا پاریس,62,71,#1976D2,2,TRUE,
فارسی 3,دوازدهم,تجربی,نهایی,4,فصل چهارم: ادبیات سفر و زندگی,61,84,9,درس نهم: کویر,72,84,#1976D2,2,TRUE,
فارسی 3,دوازدهم,تجربی,نهایی,5,فصل پنجم: ادبیات انقلاب اسلامی,85,100,10,درس دهم: فصل شکوفایی,86,89,#1976D2,2,TRUE,
فارسی 3,دوازدهم,تجربی,نهایی,5,فصل پنجم: ادبیات انقلاب اسلامی,85,100,11,درس یازدهم: آن شب عزیز,90,100,#1976D2,2,TRUE,
فارسی 3,دوازدهم,تجربی,نهایی,6,فصل ششم: ادبیات حماسی,101,120,12,درس دوازدهم: گذر سیاوش از آتش,102,110,#1976D2,2,TRUE,
فارسی 3,دوازدهم,تجربی,نهایی,6,فصل ششم: ادبیات حماسی,101,120,13,درس سیزدهم: خوانِ هشتم,111,120,#1976D2,2,TRUE,
فارسی 3,دوازدهم,تجربی,نهایی,7,فصل هفتم: ادبیات داستانی,121,150,14,درس چهاردهم: سی مرغ و سیمرغ,122,130,#1976D2,3,TRUE,
فارسی 3,دوازدهم,تجربی,نهایی,7,فصل هفتم: ادبیات داستانی,121,150,15,درس پانزدهم: درس آزاد (ادبیات بومی 2),131,133,#1976D2,3,TRUE,
فارسی 3,دوازدهم,تجربی,نهایی,7,فصل هفتم: ادبیات داستانی,121,150,16,درس شانزدهم: کباب غاز,134,150,#1976D2,3,TRUE,
فارسی 3,دوازدهم,تجربی,نهایی,8,فصل هشتم: ادبیات جهان,151,164,17,درس هفدهم: خندهٔ تو,152,156,#1976D2,2,TRUE,
فارسی 3,دوازدهم,تجربی,نهایی,8,فصل هشتم: ادبیات جهان,151,164,18,درس هیجدهم: عشق جاودانی,157,164,#1976D2,2,TRUE,
فارسی 3,دوازدهم,تجربی,نهایی,9,نیایش,165,165,19,نیایش: لطف تو,165,165,#1976D2,0,TRUE,
فارسی 3,دوازدهم,ریاضی,نهایی,0,ستایش,10,10,0,ستایش: ملکا، ذکر تو گویم,10,10,#1976D2,0,TRUE,
فارسی 3,دوازدهم,ریاضی,نهایی,1,فصل یکم: ادبیات تعلیمی,11,24,1,درس یکم: شکرِ نعمت,12,18,#1976D2,2,TRUE,
فارسی 3,دوازدهم,ریاضی,نهایی,1,فصل یکم: ادبیات تعلیمی,11,24,2,درس دوم: مست و هُشیار,19,24,#1976D2,2,TRUE,
فارسی 3,دوازدهم,ریاضی,نهایی,2,فصل دوم: ادبیات پایداری,25,46,3,درس سوم: آزادی,26,31,#1976D2,3,TRUE,
فارسی 3,دوازدهم,ریاضی,نهایی,2,فصل دوم: ادبیات پایداری,25,46,4,درس چهارم: درس آزاد (ادبیات بومی 1),32,35,#1976D2,3,TRUE,
فارسی 3,دوازدهم,ریاضی,نهایی,2,فصل دوم: ادبیات پایداری,25,46,5,درس پنجم: دماوندیه,36,46,#1976D2,3,TRUE,
فارسی 3,دوازدهم,ریاضی,نهایی,3,فصل سوم: ادبیات غنایی,47,60,6,درس ششم: نی‌نامه,48,53,#1976D2,2,TRUE,
فارسی 3,دوازدهم,ریاضی,نهایی,3,فصل سوم: ادبیات غنایی,47,60,7,درس هفتم: در حقیقت عشق,54,60,#1976D2,2,TRUE,
فارسی 3,دوازدهم,ریاضی,نهایی,4,فصل چهارم: ادبیات سفر و زندگی,61,84,8,درس هشتم: از پاریز تا پاریس,62,71,#1976D2,2,TRUE,
فارسی 3,دوازدهم,ریاضی,نهایی,4,فصل چهارم: ادبیات سفر و زندگی,61,84,9,درس نهم: کویر,72,84,#1976D2,2,TRUE,
فارسی 3,دوازدهم,ریاضی,نهایی,5,فصل پنجم: ادبیات انقلاب اسلامی,85,100,10,درس دهم: فصل شکوفایی,86,89,#1976D2,2,TRUE,
فارسی 3,دوازدهم,ریاضی,نهایی,5,فصل پنجم: ادبیات انقلاب اسلامی,85,100,11,درس یازدهم: آن شب عزیز,90,100,#1976D2,2,TRUE,
فارسی 3,دوازدهم,ریاضی,نهایی,6,فصل ششم: ادبیات حماسی,101,120,12,درس دوازدهم: گذر سیاوش از آتش,102,110,#1976D2,2,TRUE,
فارسی 3,دوازدهم,ریاضی,نهایی,6,فصل ششم: ادبیات حماسی,101,120,13,درس سیزدهم: خوانِ هشتم,111,120,#1976D2,2,TRUE,
فارسی 3,دوازدهم,ریاضی,نهایی,7,فصل هفتم: ادبیات داستانی,121,150,14,درس چهاردهم: سی مرغ و سیمرغ,122,130,#1976D2,3,TRUE,
فارسی 3,دوازدهم,ریاضی,نهایی,7,فصل هفتم: ادبیات داستانی,121,150,15,درس پانزدهم: درس آزاد (ادبیات بومی 2),131,133,#1976D2,3,TRUE,
فارسی 3,دوازدهم,ریاضی,نهایی,7,فصل هفتم: ادبیات داستانی,121,150,16,درس شانزدهم: کباب غاز,134,150,#1976D2,3,TRUE,
فارسی 3,دوازدهم,ریاضی,نهایی,8,فصل هشتم: ادبیات جهان,151,164,17,درس هفدهم: خندهٔ تو,152,156,#1976D2,2,TRUE,
فارسی 3,دوازدهم,ریاضی,نهایی,8,فصل هشتم: ادبیات جهان,151,164,18,درس هیجدهم: عشق جاودانی,157,164,#1976D2,2,TRUE,
فارسی 3,دوازدهم,ریاضی,نهایی,9,نیایش,165,165,19,نیایش: لطف تو,165,165,#1976D2,0,TRUE,
هویت اجتماعی,دوازدهم,تجربی,نهایی,1,درس اول: کنش‌های ما,2,7,,,,,#388E3C,1,TRUE,
هویت اجتماعی,دوازدهم,تجربی,نهایی,2,درس دوم: پدیده‌های اجتماعی,8,17,,,,,#388E3C,1,TRUE,
هویت اجتماعی,دوازدهم,تجربی,نهایی,3,درس سوم: جامعه و فرهنگ (جهان اجتماعی),18,25,,,,,#388E3C,1,TRUE,
هویت اجتماعی,دوازدهم,تجربی,نهایی,4,درس چهارم: ارزیابی فرهنگ‌ها,26,34,,,,,#388E3C,1,TRUE,
هویت اجتماعی,دوازدهم,تجربی,نهایی,5,درس پنجم: هویت,35,44,,,,,#388E3C,1,TRUE,
هویت اجتماعی,دوازدهم,تجربی,نهایی,6,درس ششم: بازتولید هویت اجتماعی,45,53,,,,,#388E3C,1,TRUE,
هویت اجتماعی,دوازدهم,تجربی,نهایی,7,درس هفتم: تحولات هویتی جامعه,54,62,,,,,#388E3C,1,TRUE,
هویت اجتماعی,دوازدهم,تجربی,نهایی,8,درس هشتم: بعد فرهنگی هویت ایران,63,72,,,,,#388E3C,1,TRUE,
هویت اجتماعی,دوازدهم,تجربی,نهایی,9,درس نهم: بعد سیاسی هویت ایران,73,83,,,,,#388E3C,1,TRUE,
هویت اجتماعی,دوازدهم,تجربی,نهایی,10,درس دهم: ابعاد جمعیتی و اقتصادی هویت ایران,84,91,,,,,#388E3C,1,TRUE,
هویت اجتماعی,دوازدهم,ریاضی,نهایی,1,درس اول: کنش‌های ما,2,7,,,,,#388E3C,1,TRUE,
هویت اجتماعی,دوازدهم,ریاضی,نهایی,2,درس دوم: پدیده‌های اجتماعی,8,17,,,,,#388E3C,1,TRUE,
هویت اجتماعی,دوازدهم,ریاضی,نهایی,3,درس سوم: جامعه و فرهنگ (جهان اجتماعی),18,25,,,,,#388E3C,1,TRUE,
هویت اجتماعی,دوازدهم,ریاضی,نهایی,4,درس چهارم: ارزیابی فرهنگ‌ها,26,34,,,,,#388E3C,1,TRUE,
هویت اجتماعی,دوازدهم,ریاضی,نهایی,5,درس پنجم: هویت,35,44,,,,,#388E3C,1,TRUE,
هویت اجتماعی,دوازدهم,ریاضی,نهایی,6,درس ششم: بازتولید هویت اجتماعی,45,53,,,,,#388E3C,1,TRUE,
هویت اجتماعی,دوازدهم,ریاضی,نهایی,7,درس هفتم: تحولات هویتی جامعه,54,62,,,,,#388E3C,1,TRUE,
هویت اجتماعی,دوازدهم,ریاضی,نهایی,8,درس هشتم: بعد فرهنگی هویت ایران,63,72,,,,,#388E3C,1,TRUE,
هویت اجتماعی,دوازدهم,ریاضی,نهایی,9,درس نهم: بعد سیاسی هویت ایران,73,83,,,,,#388E3C,1,TRUE,
هویت اجتماعی,دوازدهم,ریاضی,نهایی,10,درس دهم: ابعاد جمعیتی و اقتصادی هویت ایران,84,91,,,,,#388E3C,1,TRUE,
عربی، زبان قرآن 3,دوازدهم,تجربی,نهایی,1,الدرس الأول: الدّينُ وَ التَّدَيُّنُ (قواعد: معاني الحروف المشبّهة بالفعل و لا النّافية للجنس),1,16,,,,,#607D8B,1,TRUE,
عربی، زبان قرآن 3,دوازدهم,تجربی,نهایی,2,الدرس الثاني: مَكَّةُ الْمُكَرَّمَةُ وَ الْمَدينَةُ الْمُنَوَّرَةُ (قواعد: الحال),17,32,,,,,#607D8B,1,TRUE,
عربی، زبان قرآن 3,دوازدهم,تجربی,نهایی,3,الدرس الثالث: اَلْكُتُبُ طَعامُ الْفِكْرِ (قواعد: الاسْتِثْناء),33,48,,,,,#607D8B,1,TRUE,
عربی، زبان قرآن 3,دوازدهم,تجربی,نهایی,4,الدرس الرابع: اَلْفَرَزْدَقُ (قواعد: الْمَفْعولُ الْمُطْلَقُ),49,64,,,,,#607D8B,1,TRUE,
عربی، زبان قرآن 3,دوازدهم,ریاضی,نهایی,1,الدرس الأول: الدّينُ وَ التَّدَيُّنُ (قواعد: معاني الحروف المشبّهة بالفعل و لا النّافية للجنس),1,16,,,,,#607D8B,1,TRUE,
عربی، زبان قرآن 3,دوازدهم,ریاضی,نهایی,2,الدرس الثاني: مَكَّةُ الْمُكَرَّمَةُ وَ الْمَدينَةُ الْمُنَوَّرَةُ (قواعد: الحال),17,32,,,,,#607D8B,1,TRUE,
عربی، زبان قرآن 3,دوازدهم,ریاضی,نهایی,3,الدرس الثالث: اَلْكُتُبُ طَعامُ الْفِكْرِ (قواعد: الاسْتِثْناء),33,48,,,,,#607D8B,1,TRUE,
عربی، زبان قرآن 3,دوازدهم,ریاضی,نهایی,4,الدرس الرابع: اَلْفَرَزْدَقُ (قواعد: الْمَفْعولُ الْمُطْلَقُ),49,64,,,,,#607D8B,1,TRUE,
